period,source_date,target_date,cluster_id,fire_episode_id,fire_event_id,fire_name,cluster_lon,cluster_lat,grid_resolution_km,smoke_area_sum_km2,centroid_distance_p90_km,source_to_smoke_bearing_area_weighted_deg,point_count_sum,frp_sum_total,origin_grid_x_index,origin_grid_y_index,input_width_cells,input_height_cells,valid_cells,positive_cells,source_row,source_col,positive_fraction_valid
202406,2024-06-04,2024-06-05,65407081-7894-430a-a769-a5aeaf51b6f7__20240604_ep00__src20240604,65407081-7894-430a-a769-a5aeaf51b6f7__20240604_ep00,65407081-7894-430a-a769-a5aeaf51b6f7,BUMMER,-120.28835950484,38.28140104865704,10.0,594.0502135252381,16.409220701577556,112.15023348045077,23.0,474.9980000000001,-272,133,101,101,8026,6,64,63,0.0007475704187527299
202406,2024-06-05,2024-06-06,1e51a95c-06da-426c-aaf3-be45014e1fc3__20240605_ep00__src20240605,1e51a95c-06da-426c-aaf3-be45014e1fc3__20240605_ep00,1e51a95c-06da-426c-aaf3-be45014e1fc3,DUCK,-121.09229248127976,37.80048283304969,10.0,1292.9318106137453,111.30002256888416,44.366967342450664,9.0,26.853,-279,129,99,101,7761,738,64,62,0.0950908362865448
202406,2024-06-16,2024-06-17,5f3a56cc-ef4f-46e9-9f8a-6943342dca2d__20240616_ep00__src20240616,5f3a56cc-ef4f-46e9-9f8a-6943342dca2d__20240616_ep00,5f3a56cc-ef4f-46e9-9f8a-6943342dca2d,HESPERIA,-117.2813977839851,34.33444316014897,10.0,4777.454270032226,125.15211384069856,265.32259357562356,623.0,48374.886,-257,87,100,93,7345,2179,68,64,0.29666438698768616
202406,2024-06-21,2024-06-22,a084f42b-29e6-4f30-9832-e7ff264cdf5f__20240621_ep00__src20240621,a084f42b-29e6-4f30-9832-e7ff264cdf5f__20240621_ep00,a084f42b-29e6-4f30-9832-e7ff264cdf5f,SITES,-122.45207096142184,39.322289,10.0,2704.225353524421,310.32754554643395,352.8031417968055,3280.0,1179777.062,-282,147,91,98,6531,11,62,58,0.0016842749901115894
202406,2024-06-22,2024-06-23,9623f6a1-c304-4562-b7c1-e7dc3954d768__20240622_ep00__src20240622,9623f6a1-c304-4562-b7c1-e7dc3954d768__20240622_ep00,9623f6a1-c304-4562-b7c1-e7dc3954d768,W-2 FITZHUGH,-120.17268768490104,41.477945024865086,10.0,17539.73021524614,340.74496850569415,352.0878165085647,4.0,56.706,-262,156,101,80,5714,63,53,63,0.011025551706552505
202406,2024-06-23,2024-06-24,9623f6a1-c304-4562-b7c1-e7dc3954d768__20240622_ep00__src20240623,9623f6a1-c304-4562-b7c1-e7dc3954d768__20240622_ep00,9623f6a1-c304-4562-b7c1-e7dc3954d768,W-2 FITZHUGH,-120.17268768490104,41.477945024865086,10.0,10795.136173735562,409.43351860845513,62.83635391825487,2.0,28.353,-262,156,101,80,5714,40,53,63,0.007000349927693605
202406,2024-06-25,2024-06-26,d9e6d3da-ac19-4d20-9312-35409df8e4d7__20240625_ep00__src20240625,d9e6d3da-ac19-4d20-9312-35409df8e4d7__20240625_ep00,d9e6d3da-ac19-4d20-9312-35409df8e4d7,APACHE,-121.4947850831468,39.43179654700908,10.0,2305.2308282994463,368.56259318247095,335.5138028078176,274.0,44937.50199999999,-276,146,97,97,7061,4,62,61,0.0005664919735863805
202406,2024-06-27,2024-06-28,041180b6-5ab0-4dd0-829e-a0a83c99a96f__20240627_ep00__src20240627,041180b6-5ab0-4dd0-829e-a0a83c99a96f__20240627_ep00,041180b6-5ab0-4dd0-829e-a0a83c99a96f,FRESNO JUNE LIGHTNING COMPLEX,-119.26363,36.754684,10.0,213925.7395640718,311.7476745084035,68.18892626608897,13797.0,1230368.262,-267,114,101,101,8048,205,64,63,0.025472167879343033
202406,2024-06-28,2024-06-29,86fb6a51-ea8b-4c0a-9af2-ad6ceacbcbdd__20240628_ep00__src20240628,86fb6a51-ea8b-4c0a-9af2-ad6ceacbcbdd__20240628_ep00,86fb6a51-ea8b-4c0a-9af2-ad6ceacbcbdd,PIZONA,-118.5010805568336,38.040808661958195,10.0,40198.42577579943,70.79795778319732,186.8077157759494,1094.0,218322.82,-257,126,101,101,8040,1196,64,63,0.1487562209367752
202406,2024-06-29,2024-06-30,734b3a1f-9391-4bb8-856b-a71e88101b97__20240624_ep00__src20240629,734b3a1f-9391-4bb8-856b-a71e88101b97__20240624_ep00,734b3a1f-9391-4bb8-856b-a71e88101b97,HAPPY,-118.94902522994214,36.72456551882584,10.0,34626.62712098356,67.8689056805147,336.2853288965918,481.0,2751.7839999999997,-265,113,101,101,8038,153,64,63,0.01903458498418331
202407,2024-07-03,2024-07-04,d185ee7e-b38c-4f04-b838-5abc04447ea7__20240703_ep00__src20240703,d185ee7e-b38c-4f04-b838-5abc04447ea7__20240703_ep00,d185ee7e-b38c-4f04-b838-5abc04447ea7,BLUE WATER,-114.19485,33.946526,10.0,10353.422407766731,496.2564106966314,27.162287587595188,4.0,2.944,-241,80,78,86,5178,41,71,75,0.007918114773929119
202407,2024-07-04,2024-07-05,d185ee7e-b38c-4f04-b838-5abc04447ea7__20240703_ep00__src20240704,d185ee7e-b38c-4f04-b838-5abc04447ea7__20240703_ep00,d185ee7e-b38c-4f04-b838-5abc04447ea7,BLUE WATER,-114.19485,33.946526,10.0,8524.371347289325,460.727096450138,25.023522025085242,2.0,0.0,-241,80,78,86,5178,66,71,75,0.01274623442441225
202407,2024-07-04,2024-07-05,d8067e06-827d-4eec-b960-19cdc93b0b14__20240704_ep00__src20240704,d8067e06-827d-4eec-b960-19cdc93b0b14__20240704_ep00,d8067e06-827d-4eec-b960-19cdc93b0b14,SHELLY,-123.0690288197769,41.454284773747936,10.0,1155.6646161604117,17.31383106675879,18.773538609217155,239.0,35629.895000000004,-278,159,87,74,4530,9,50,56,0.001986755058169365
202407,2024-07-06,2024-07-07,f1c352f5-8ebb-4d6a-9b99-a876e4692438__20240706_ep01__src20240706,f1c352f5-8ebb-4d6a-9b99-a876e4692438__20240706_ep01,f1c352f5-8ebb-4d6a-9b99-a876e4692438,GRANDE,-121.14585071218076,37.51103358251474,10.0,170600.7564479775,91.25002637035,249.38898745428156,26.0,277.66400000000004,-280,126,99,101,7748,287,64,62,0.03704181686043739
202407,2024-07-07,2024-07-08,d185ee7e-b38c-4f04-b838-5abc04447ea7__20240703_ep00__src20240707,d185ee7e-b38c-4f04-b838-5abc04447ea7__20240703_ep00,d185ee7e-b38c-4f04-b838-5abc04447ea7,BLUE WATER,-114.26220199676038,34.17476548136345,10.0,95431.48174549606,443.6290183294293,45.04258767585088,35.0,283.985,-241,82,79,89,5380,89,70,74,0.016542751342058182
202407,2024-07-08,2024-07-09,d185ee7e-b38c-4f04-b838-5abc04447ea7__20240703_ep00__src20240708,d185ee7e-b38c-4f04-b838-5abc04447ea7__20240703_ep00,d185ee7e-b38c-4f04-b838-5abc04447ea7,BLUE WATER,-114.26220199676038,34.17476548136345,10.0,27897.843645711204,385.4074265219191,34.27534982357747,21.0,170.391,-241,82,79,89,5380,46,70,74,0.008550185710191727
202407,2024-07-09,2024-07-10,89cff326-7102-40d2-89bd-82acbeb91db2__20240709_ep00__src20240709,89cff326-7102-40d2-89bd-82acbeb91db2__20240709_ep00,89cff326-7102-40d2-89bd-82acbeb91db2,BOGUS,-122.3861882535395,41.87137604698803,10.0,19029.24284140041,62.7676121955589,275.6280151086585,185.0,275.815,-274,161,92,71,4501,60,49,59,0.013330371119081974
202407,2024-07-11,2024-07-12,6d7774fa-ce74-46b3-8e2f-2e9f9dce5c76__20240711_ep00__src20240711,6d7774fa-ce74-46b3-8e2f-2e9f9dce5c76__20240711_ep00,6d7774fa-ce74-46b3-8e2f-2e9f9dce5c76,VISTA,-117.6221611095047,34.28084378099058,10.0,10206.475458087869,241.24905257258223,296.3448550236892,2852.0,521218.09,-259,87,101,94,7351,1453,67,63,0.1976601779460907
202407,2024-07-12,2024-07-13,540bb6c9-9242-4d98-9d4f-b84dad7f9840__20240712_ep00__src20240712,540bb6c9-9242-4d98-9d4f-b84dad7f9840__20240712_ep00,540bb6c9-9242-4d98-9d4f-b84dad7f9840,LAKE,-119.97465507835666,34.71566322715836,10.0,30185.208188833145,125.648307561177,325.8318000398355,8936.0,1786422.546,-279,95,101,97,7671,15,66,63,0.0019554165191948414
202407,2024-07-12,2024-07-13,87090e17-a930-4a63-b4c6-4825add6d8b8__20240712_ep00__src20240712,87090e17-a930-4a63-b4c6-4825add6d8b8__20240712_ep00,87090e17-a930-4a63-b4c6-4825add6d8b8,NOPAH,-116.53637,35.913059,10.0,46184.98466201646,441.0239785399952,51.31706191329897,2.0,0.0,-249,99,96,101,7640,70,64,66,0.009162303991615772
202407,2024-07-12,2024-07-13,d8067e06-827d-4eec-b960-19cdc93b0b14__20240704_ep00__src20240712,d8067e06-827d-4eec-b960-19cdc93b0b14__20240704_ep00,d8067e06-827d-4eec-b960-19cdc93b0b14,SHELLY,-123.0344948582177,41.50053025767427,10.0,2244.710441461531,7.896716312017786,298.65870674188085,1065.0,55309.186,-278,160,88,73,4505,67,50,57,0.014872363768517971
202407,2024-07-14,2024-07-15,62fe3e24-0e67-47f4-810d-33c350d4cf12__20240714_ep00__src20240714,62fe3e24-0e67-47f4-810d-33c350d4cf12__20240714_ep00,62fe3e24-0e67-47f4-810d-33c350d4cf12,SENTINEL,-118.6637374783294,36.758695928289995,10.0,12416.144253053071,77.62924605045092,164.29573182024114,2.0,3.806999999999999,-262,113,101,101,8037,48,64,63,0.005972377955913544
202407,2024-07-17,2024-07-18,d8067e06-827d-4eec-b960-19cdc93b0b14__20240704_ep00__src20240717,d8067e06-827d-4eec-b960-19cdc93b0b14__20240704_ep00,d8067e06-827d-4eec-b960-19cdc93b0b14,SHELLY,-123.02199638060624,41.46889807066992,10.0,123855.10273410054,105.44397852931006,1.1516276435815485,681.0,21161.216999999997,-278,159,88,74,4535,18,50,57,0.003969129174947739
202407,2024-07-20,2024-07-21,62fe3e24-0e67-47f4-810d-33c350d4cf12__20240714_ep00__src20240720,62fe3e24-0e67-47f4-810d-33c350d4cf12__20240714_ep00,62fe3e24-0e67-47f4-810d-33c350d4cf12,SENTINEL,-118.65890831681868,36.75836775077105,10.0,21783.62101803763,70.07331843521514,254.86032174693077,41.0,133.52700000000002,-262,113,101,101,8040,130,64,63,0.01616915501654148
202407,2024-07-21,2024-07-22,62fe3e24-0e67-47f4-810d-33c350d4cf12__20240714_ep00__src20240721,62fe3e24-0e67-47f4-810d-33c350d4cf12__20240714_ep00,62fe3e24-0e67-47f4-810d-33c350d4cf12,SENTINEL,-118.65987,36.758045,10.0,10517.19714749424,3.257902807202058,251.0537208001682,14.0,36.393,-262,113,101,101,8040,88,64,63,0.0109452735632658
202407,2024-07-22,2024-07-23,2e6ff118-242b-42bd-8ac9-bd5309a3d5f4__20240718_ep00__src20240722,2e6ff118-242b-42bd-8ac9-bd5309a3d5f4__20240718_ep00,2e6ff118-242b-42bd-8ac9-bd5309a3d5f4,HILL,-123.62007323664416,40.76974591393599,10.0,2157.1126112258357,6.975738948119791,324.06592246708874,267.0,2427.0080000000007,-283,156,84,80,4740,46,53,55,0.009704641066491604
202407,2024-07-22,2024-07-23,62fe3e24-0e67-47f4-810d-33c350d4cf12__20240714_ep00__src20240722,62fe3e24-0e67-47f4-810d-33c350d4cf12__20240714_ep00,62fe3e24-0e67-47f4-810d-33c350d4cf12,SENTINEL,-118.66240176937616,36.75880357088847,10.0,6581.320906997674,20.314410495482665,177.0569987826043,16.0,39.678,-262,113,101,101,8040,1004,64,63,0.12487562000751495
202407,2024-07-23,2024-07-24,2e6ff118-242b-42bd-8ac9-bd5309a3d5f4__20240718_ep00__src20240723,2e6ff118-242b-42bd-8ac9-bd5309a3d5f4__20240718_ep00,2e6ff118-242b-42bd-8ac9-bd5309a3d5f4,HILL,-123.62072075268816,40.77302869857292,10.0,3189.128792114864,47.07599706262681,346.5601811280813,168.0,951.088,-283,156,84,80,4737,77,53,55,0.016255013644695282
202407,2024-07-25,2024-07-26,0109f798-7683-4d33-a845-73c869daf80f__20240715_ep00__src20240725,0109f798-7683-4d33-a845-73c869daf80f__20240715_ep00,0109f798-7683-4d33-a845-73c869daf80f,TROUT,-118.33471256261944,35.97786655090239,10.0,2397.939251375921,40.0247963896791,118.14737911926466,4076.0,626882.8359999999,-261,103,101,101,8038,5,64,63,0.0006220453069545329
202407,2024-07-27,2024-07-28,047540eb-8a08-4e21-8bb4-81a2294925e9__20240727_ep00__src20240727,047540eb-8a08-4e21-8bb4-81a2294925e9__20240727_ep00,047540eb-8a08-4e21-8bb4-81a2294925e9,R-6 RODEO,-119.94655,40.993511,10.0,169967.98982442167,398.5370854379662,36.46407377711432,1.0,0.0,-261,153,101,85,6259,1452,56,63,0.231985941529274
202407,2024-07-29,2024-07-30,5958a39b-9523-478e-96a9-2bbd5076c04d__20240729_ep00__src20240729,5958a39b-9523-478e-96a9-2bbd5076c04d__20240729_ep00,5958a39b-9523-478e-96a9-2bbd5076c04d,BORDER 66,-116.6964202228184,32.57405401318036,10.0,1637.4074723757255,128.1830913481984,33.98657728451485,21.0,699.5710000000001,-257,75,98,76,5504,56,76,65,0.010174418799579144
202408,2024-08-04,2024-08-05,8eb3e746-7de6-4a6e-8133-78149d109332__20240731_ep00__src20240804,8eb3e746-7de6-4a6e-8133-78149d109332__20240731_ep00,8eb3e746-7de6-4a6e-8133-78149d109332,PARK,-121.66579460526096,40.19643216624171,10.0,28494.11679225521,402.4767756869688,356.5178212251066,6493.0,2037616.513,-275,151,97,91,6337,109,59,61,0.017200568690896034
202408,2024-08-05,2024-08-06,80d05faa-70b6-4cd7-8387-f0f44708330f__20240725_ep00__src20240805,80d05faa-70b6-4cd7-8387-f0f44708330f__20240725_ep00,80d05faa-70b6-4cd7-8387-f0f44708330f,FANDANGO,-119.87385813017724,41.86860773263919,10.0,52904.72919594779,89.58853124342116,273.9619965831894,14.0,164.422,-258,158,101,76,5338,477,51,63,0.08935931324958801
202408,2024-08-05,2024-08-06,8eb3e746-7de6-4a6e-8133-78149d109332__20240731_ep00__src20240805,8eb3e746-7de6-4a6e-8133-78149d109332__20240731_ep00,8eb3e746-7de6-4a6e-8133-78149d109332,PARK,-121.66514219922595,40.21616909961298,10.0,15761.333709783978,309.66514766752084,343.99801115849385,1761.0,54047.788,-275,151,97,90,6331,594,58,61,0.09382404386997223
202408,2024-08-05,2024-08-06,9cb90845-81ff-4132-9262-4f8af1159820__20240805_ep00__src20240805,9cb90845-81ff-4132-9262-4f8af1159820__20240805_ep00,9cb90845-81ff-4132-9262-4f8af1159820,MIDDLE,-119.70078575876158,37.86153682562732,10.0,747.9889055000477,40.15662739858054,6.23303576914833,12.0,506.1499999999999,-268,127,101,101,8048,20,64,63,0.0024850894697010517
202408,2024-08-06,2024-08-07,80d05faa-70b6-4cd7-8387-f0f44708330f__20240725_ep00__src20240806,80d05faa-70b6-4cd7-8387-f0f44708330f__20240725_ep00,80d05faa-70b6-4cd7-8387-f0f44708330f,FANDANGO,-119.87385813017724,41.86860773263919,10.0,139223.64196198506,414.6588013280102,46.49556365206274,21.0,246.633,-258,158,101,76,5338,1165,51,63,0.21824653446674347
202408,2024-08-06,2024-08-07,9cb90845-81ff-4132-9262-4f8af1159820__20240805_ep00__src20240806,9cb90845-81ff-4132-9262-4f8af1159820__20240805_ep00,9cb90845-81ff-4132-9262-4f8af1159820,MIDDLE,-119.69532319597008,37.865544590066385,10.0,2382.909756664381,18.829523203407163,40.32277602619007,282.0,5179.686,-268,127,101,101,8051,37,64,63,0.004595702514052391
202408,2024-08-07,2024-08-08,30bb9d2e-559f-4c10-9f2d-10d7aa6e1eff__20240801_ep01__src20240807,30bb9d2e-559f-4c10-9f2d-10d7aa6e1eff__20240801_ep01,30bb9d2e-559f-4c10-9f2d-10d7aa6e1eff,203,-121.9979643705489,39.68016312019283,10.0,15668.158674625603,425.03677519636216,347.0702662567272,19.0,847.827,-279,149,94,95,6573,197,61,60,0.02997109293937683
202408,2024-08-07,2024-08-08,9cb90845-81ff-4132-9262-4f8af1159820__20240805_ep00__src20240807,9cb90845-81ff-4132-9262-4f8af1159820__20240805_ep00,9cb90845-81ff-4132-9262-4f8af1159820,MIDDLE,-119.6726275454206,37.8770289274629,10.0,2020.0005724999949,171.85062275014292,339.9821033035534,105.0,1618.68,-268,127,101,101,8040,4,64,63,0.0004975124611519277
202408,2024-08-08,2024-08-09,4ae648e2-f376-4fd0-8c89-5c0f6b8c1d7e__20240808_ep00__src20240808,4ae648e2-f376-4fd0-8c89-5c0f6b8c1d7e__20240808_ep00,4ae648e2-f376-4fd0-8c89-5c0f6b8c1d7e,CROZIER,-120.6887593366902,38.841752340583135,10.0,22448.000324621164,97.57237132072078,40.19645045945191,1850.0,238422.937,-273,139,101,100,7796,129,63,63,0.0165469478815794
202408,2024-08-09,2024-08-10,4ae648e2-f376-4fd0-8c89-5c0f6b8c1d7e__20240808_ep00__src20240809,4ae648e2-f376-4fd0-8c89-5c0f6b8c1d7e__20240808_ep00,4ae648e2-f376-4fd0-8c89-5c0f6b8c1d7e,CROZIER,-120.710709,38.832088,10.0,10599.171402002088,53.406666284022535,350.89128419212926,2166.0,244004.904,-274,139,100,100,7790,152,63,63,0.019512195140123367
202408,2024-08-10,2024-08-11,a4bf169f-d9aa-4f2b-bd3a-a1ddb11a8105__20240810_ep00__src20240810,a4bf169f-d9aa-4f2b-bd3a-a1ddb11a8105__20240810_ep00,a4bf169f-d9aa-4f2b-bd3a-a1ddb11a8105,BOISE,-123.51254836230332,41.253536065609175,10.0,10178.39416472871,229.72062778415665,17.613370889563328,124.0,5189.577,-281,159,85,75,4449,4,51,55,0.0008990784408524632
202408,2024-08-11,2024-08-12,a4bf169f-d9aa-4f2b-bd3a-a1ddb11a8105__20240810_ep00__src20240811,a4bf169f-d9aa-4f2b-bd3a-a1ddb11a8105__20240810_ep00,a4bf169f-d9aa-4f2b-bd3a-a1ddb11a8105,BOISE,-123.4879826624212,41.244498058431475,10.0,1573.1108421890096,225.94743276578689,11.188401237836956,280.0,7241.022,-281,159,85,75,4468,63,51,55,0.014100268483161926
202408,2024-08-12,2024-08-13,d8067e06-827d-4eec-b960-19cdc93b0b14__20240704_ep00__src20240812,d8067e06-827d-4eec-b960-19cdc93b0b14__20240704_ep00,d8067e06-827d-4eec-b960-19cdc93b0b14,SHELLY,-123.04677999999998,41.471191,10.0,11056.176990557728,37.25735746528054,93.97735585593534,54.0,146.67200000000005,-278,159,87,74,4520,253,50,56,0.05597345158457756
202408,2024-08-13,2024-08-14,0109f798-7683-4d33-a845-73c869daf80f__20240715_ep00__src20240813,0109f798-7683-4d33-a845-73c869daf80f__20240715_ep00,0109f798-7683-4d33-a845-73c869daf80f,TROUT,-118.33276691595528,35.973632028014904,10.0,194.31658954209553,35.49666071006749,321.0791602254658,75.0,158.689,-261,103,101,101,8038,41,64,63,0.005100771319121122
202408,2024-08-13,2024-08-14,8eb3e746-7de6-4a6e-8133-78149d109332__20240731_ep00__src20240813,8eb3e746-7de6-4a6e-8133-78149d109332__20240731_ep00,8eb3e746-7de6-4a6e-8133-78149d109332,PARK,-121.76230433737572,40.19533544812011,10.0,212896.56655490227,457.1167201429768,357.93253037034043,568.0,6969.6500000000015,-276,151,96,90,6295,30,58,61,0.004765687044709921
202408,2024-08-14,2024-08-15,0109f798-7683-4d33-a845-73c869daf80f__20240715_ep00__src20240814,0109f798-7683-4d33-a845-73c869daf80f__20240715_ep00,0109f798-7683-4d33-a845-73c869daf80f,TROUT,-118.33206401109058,35.95552862292052,10.0,2825.5511230851507,460.8507710053591,38.34321366231734,44.0,80.153,-261,103,101,101,8045,10,64,63,0.001243008067831397
202408,2024-08-15,2024-08-16,0109f798-7683-4d33-a845-73c869daf80f__20240715_ep00__src20240815,0109f798-7683-4d33-a845-73c869daf80f__20240715_ep00,0109f798-7683-4d33-a845-73c869daf80f,TROUT,-118.3242273409409,35.935407233609645,10.0,664.2546436951093,57.34392370021708,312.3453385428513,36.0,65.31599999999999,-261,103,101,101,8044,24,64,63,0.002983590355142951
202408,2024-08-15,2024-08-16,a4bf169f-d9aa-4f2b-bd3a-a1ddb11a8105__20240810_ep00__src20240815,a4bf169f-d9aa-4f2b-bd3a-a1ddb11a8105__20240810_ep00,a4bf169f-d9aa-4f2b-bd3a-a1ddb11a8105,BOISE,-123.45818211475992,41.248272257296215,10.0,4709.022626279113,5.482116078905598,131.8376451850287,2361.0,177625.761,-281,159,85,75,4479,144,51,55,0.0321500338613987
202408,2024-08-16,2024-08-17,0109f798-7683-4d33-a845-73c869daf80f__20240715_ep00__src20240816,0109f798-7683-4d33-a845-73c869daf80f__20240715_ep00,0109f798-7683-4d33-a845-73c869daf80f,TROUT,-118.32233071479124,35.931693786209685,10.0,1579.0414494733352,68.93261648821226,333.6840718987088,52.0,283.00000000000006,-261,103,101,101,8045,91,64,63,0.011311373673379421
202408,2024-08-18,2024-08-19,25609646-237c-4f56-bc3a-7b8d15108778__20240813_ep00__src20240818,25609646-237c-4f56-bc3a-7b8d15108778__20240813_ep00,25609646-237c-4f56-bc3a-7b8d15108778,COFFEE POT,-118.76115514754795,36.38812088431127,10.0,6815.351361734805,34.695845633216656,303.5461937180076,1738.0,53139.556,-264,109,101,101,8048,39,64,63,0.00484592467546463
202408,2024-08-19,2024-08-20,25609646-237c-4f56-bc3a-7b8d15108778__20240813_ep00__src20240819,25609646-237c-4f56-bc3a-7b8d15108778__20240813_ep00,25609646-237c-4f56-bc3a-7b8d15108778,COFFEE POT,-118.76388346805028,36.389823708296824,10.0,3262.335378719309,34.04402460703229,327.6024235523528,1658.0,36741.488,-264,109,101,101,8049,138,64,63,0.017144987359642982
202408,2024-08-19,2024-08-20,a4bf169f-d9aa-4f2b-bd3a-a1ddb11a8105__20240810_ep00__src20240819,a4bf169f-d9aa-4f2b-bd3a-a1ddb11a8105__20240810_ep00,a4bf169f-d9aa-4f2b-bd3a-a1ddb11a8105,BOISE,-123.5076278583709,41.212472805560054,10.0,1001.6027766849984,8.944338687583587,358.9999262800172,596.0,3126.65,-281,159,85,75,4479,65,51,55,0.014512168243527412
202408,2024-08-19,2024-08-20,b25be1fd-a4e0-4d02-9063-95503f53bf84__20240819_ep01__src20240819,b25be1fd-a4e0-4d02-9063-95503f53bf84__20240819_ep01,b25be1fd-a4e0-4d02-9063-95503f53bf84,FIREBAUGH,-120.23913045328908,36.79352393974572,10.0,8885.690729709353,161.10052681447058,75.74462175273158,12.0,11.634,-275,116,101,101,8031,108,64,63,0.013447889126837254
202408,2024-08-20,2024-08-21,25609646-237c-4f56-bc3a-7b8d15108778__20240813_ep00__src20240820,25609646-237c-4f56-bc3a-7b8d15108778__20240813_ep00,25609646-237c-4f56-bc3a-7b8d15108778,COFFEE POT,-118.7576939786572,36.38763298874467,10.0,13502.715243580004,52.95922565337342,338.16019236091324,2928.0,92051.556,-264,109,101,101,8045,444,64,63,0.05518955737352371
202408,2024-08-21,2024-08-22,7ad2b76d-e545-43d2-a184-bf6b681600ce__20240821_ep00__src20240821,7ad2b76d-e545-43d2-a184-bf6b681600ce__20240821_ep00,7ad2b76d-e545-43d2-a184-bf6b681600ce,ECHO,-119.41337705082034,37.755547746298525,10.0,188801.66287049765,334.4081060762084,70.47198605329692,12.0,24.113,-266,125,101,101,8045,50,64,63,0.006215040571987629
202408,2024-08-27,2024-08-28,b25be1fd-a4e0-4d02-9063-95503f53bf84__20240819_ep01__src20240827,b25be1fd-a4e0-4d02-9063-95503f53bf84__20240819_ep01,b25be1fd-a4e0-4d02-9063-95503f53bf84,FIREBAUGH,-120.19851167456557,37.02418237993681,10.0,17212.48678406348,479.8419149434193,92.71171495592012,8.0,5.064,-274,119,101,101,8040,1665,64,63,0.20708955824375153
202408,2024-08-28,2024-08-29,61770324-7b6b-47b5-b408-064bae5f3b97__20240828_ep00__src20240828,61770324-7b6b-47b5-b408-064bae5f3b97__20240828_ep00,61770324-7b6b-47b5-b408-064bae5f3b97,99,-119.21025585365854,35.64051447560975,10.0,3280.843413693163,68.34614468688622,238.51508355106756,2.0,0.8200000000000001,-270,102,101,101,8046,13,64,63,0.001615709625184536
202408,2024-08-28,2024-08-29,b25be1fd-a4e0-4d02-9063-95503f53bf84__20240819_ep01__src20240828,b25be1fd-a4e0-4d02-9063-95503f53bf84__20240819_ep01,b25be1fd-a4e0-4d02-9063-95503f53bf84,FIREBAUGH,-120.22170953348382,36.93487194130926,10.0,160357.9654191296,87.92643246546997,357.9799365829044,8.0,5.19,-275,118,101,101,8045,333,64,63,0.04139216989278793
202409,2024-09-03,2024-09-04,25609646-237c-4f56-bc3a-7b8d15108778__20240813_ep00__src20240903,25609646-237c-4f56-bc3a-7b8d15108778__20240813_ep00,25609646-237c-4f56-bc3a-7b8d15108778,COFFEE POT,-118.76561504185057,36.42326630430941,10.0,1072.8529140219991,20.974472977148174,15.160386216172583,1950.0,92516.406,-264,109,101,101,8045,25,64,63,0.0031075202859938145
202409,2024-09-03,2024-09-04,85f768ef-0b2f-4de4-8c2d-7cfb52d58d71__20240903_ep00__src20240903,85f768ef-0b2f-4de4-8c2d-7cfb52d58d71__20240903_ep00,85f768ef-0b2f-4de4-8c2d-7cfb52d58d71,BEAR,-120.22649490141356,39.62537278972623,10.0,366.4538877646569,15.826031661181938,311.6628091583476,568.0,265230.934,-267,144,101,96,7441,414,61,63,0.05563768371939659
202409,2024-09-03,2024-09-04,b25be1fd-a4e0-4d02-9063-95503f53bf84__20240819_ep01__src20240903,b25be1fd-a4e0-4d02-9063-95503f53bf84__20240819_ep01,b25be1fd-a4e0-4d02-9063-95503f53bf84,FIREBAUGH,-120.03148,36.845661,10.0,1832.6880010781272,88.46232627024965,115.97134980506837,1.0,0.913,-274,117,101,101,8030,79,64,63,0.009838107042014599
202409,2024-09-04,2024-09-05,25609646-237c-4f56-bc3a-7b8d15108778__20240813_ep00__src20240904,25609646-237c-4f56-bc3a-7b8d15108778__20240813_ep00,25609646-237c-4f56-bc3a-7b8d15108778,COFFEE POT,-118.76361348355826,36.427628291883565,10.0,1653.269079240567,24.961452946896937,312.6211053476249,2929.0,118664.943,-264,109,101,101,8043,35,64,63,0.004351610317826271
202409,2024-09-05,2024-09-06,4ae21cf6-67cf-404c-950a-23abbcf22395__20240905_ep02__src20240905,4ae21cf6-67cf-404c-950a-23abbcf22395__20240905_ep02,4ae21cf6-67cf-404c-950a-23abbcf22395,CLEAR,-121.4779417631004,41.999721272988765,10.0,70231.7739663392,381.1893514202053,327.47939435941134,8.0,551.62,-269,161,96,71,4742,4,49,61,0.0008435259223915637
202409,2024-09-08,2024-09-09,1091e020-803d-47b0-a317-f88bb04418ac__20240908_ep00__src20240908,1091e020-803d-47b0-a317-f88bb04418ac__20240908_ep00,1091e020-803d-47b0-a317-f88bb04418ac,LINE,-117.07204442783193,34.1252633667023,10.0,1808.8332365548745,23.605337085362496,271.82731452072005,1598.0,287815.64800000004,-256,85,100,92,7126,9,68,64,0.0012629806296899915
202409,2024-09-09,2024-09-10,dd60062e-7681-4426-bc49-834c3314e194__20240909_ep00__src20240909,dd60062e-7681-4426-bc49-834c3314e194__20240909_ep00,dd60062e-7681-4426-bc49-834c3314e194,JACK,-117.03734,33.866852,10.0,3971.7322116635137,45.46204940726393,262.5959222078747,1.0,16.302,-256,83,99,90,6893,537,69,64,0.07790511846542358
202409,2024-09-10,2024-09-11,711d2c85-3714-449d-baf9-54df55694497__20240830_ep00__src20240910,711d2c85-3714-449d-baf9-54df55694497__20240830_ep00,711d2c85-3714-449d-baf9-54df55694497,BORDER 74,-116.40462,32.498455,10.0,141428.90983660644,306.8134118237217,357.90750593731923,1214.0,214882.946,-256,75,96,75,5310,35,77,66,0.006591337267309427
202409,2024-09-12,2024-09-13,66650a6b-7c6e-4770-aa5b-fa49d99bff28__20240912_ep00__src20240912,66650a6b-7c6e-4770-aa5b-fa49d99bff28__20240912_ep00,66650a6b-7c6e-4770-aa5b-fa49d99bff28,QUINCY,-121.41799960658538,39.48130350937877,10.0,982.8641537630696,22.32717750566703,124.55505899913629,27.0,3044.803,-276,146,97,97,7065,105,62,61,0.014861995354294777
202409,2024-09-12,2024-09-13,734b3a1f-9391-4bb8-856b-a71e88101b97__20240906_ep02__src20240912,734b3a1f-9391-4bb8-856b-a71e88101b97__20240906_ep02,734b3a1f-9391-4bb8-856b-a71e88101b97,HAPPY,-118.73108934896982,36.85427284025018,10.0,7909.0512280907105,290.58785207713737,256.51079351097854,898.0,149337.90399999998,-262,114,101,101,8042,3,64,63,0.00037304151919670403
202409,2024-09-12,2024-09-13,8c0b0a4f-d44c-4b5f-ba14-71827ac0af9d__20240912_ep00__src20240912,8c0b0a4f-d44c-4b5f-ba14-71827ac0af9d__20240912_ep00,8c0b0a4f-d44c-4b5f-ba14-71827ac0af9d,AIRPORT,-117.55053666074006,33.672608225066995,10.0,4051.792405366102,46.60595043723083,18.275573262390026,6414.0,1913861.539,-260,83,101,88,6832,684,70,63,0.10011709481477737
202409,2024-09-14,2024-09-15,5f5c5d8f-4ba8-4fa3-8a5e-d4d3848caac2__20240914_ep01__src20240914,5f5c5d8f-4ba8-4fa3-8a5e-d4d3848caac2__20240914_ep01,5f5c5d8f-4ba8-4fa3-8a5e-d4d3848caac2,BRIDGE,-117.79904508014911,34.315679281159326,10.0,75069.05084129423,150.2071107489188,23.55214339027043,5823.0,232315.776,-261,87,101,94,7383,154,67,63,0.020858729258179665
202409,2024-09-17,2024-09-18,5f5c5d8f-4ba8-4fa3-8a5e-d4d3848caac2__20240914_ep01__src20240917,5f5c5d8f-4ba8-4fa3-8a5e-d4d3848caac2__20240914_ep01,5f5c5d8f-4ba8-4fa3-8a5e-d4d3848caac2,BRIDGE,-117.7287940070575,34.383165361442444,10.0,1550.2045733046664,46.18326864490017,87.53030810947064,806.0,4573.76,-260,88,101,95,7437,42,67,63,0.005647438578307629
202409,2024-09-23,2024-09-24,a1cc941f-1b6c-4576-a4ed-c66925298882__20240918_ep02__src20240923,a1cc941f-1b6c-4576-a4ed-c66925298882__20240918_ep02,a1cc941f-1b6c-4576-a4ed-c66925298882,LEVEE,-114.78964432462874,32.58722387565365,10.0,14420.466169641884,305.15956930626885,65.58317135038067,85.0,4176.913999999999,-247,74,84,73,4561,33,78,72,0.007235255558043718
202409,2024-09-24,2024-09-25,a1cc941f-1b6c-4576-a4ed-c66925298882__20240918_ep02__src20240924,a1cc941f-1b6c-4576-a4ed-c66925298882__20240918_ep02,a1cc941f-1b6c-4576-a4ed-c66925298882,LEVEE,-114.78788806815491,32.589184044495354,10.0,6237.47680337737,329.65955810740996,53.61597218075951,67.0,4022.486,-247,74,84,73,4561,130,78,72,0.02850252203643322
202409,2024-09-25,2024-09-26,a1cc941f-1b6c-4576-a4ed-c66925298882__20240918_ep02__src20240925,a1cc941f-1b6c-4576-a4ed-c66925298882__20240918_ep02,a1cc941f-1b6c-4576-a4ed-c66925298882,LEVEE,-114.78788806815491,32.589184044495354,10.0,37442.03323200094,452.3748580005709,46.81579067204774,536.0,32179.888,-247,74,84,73,4561,3,78,72,0.0006577504682354629
202409,2024-09-29,2024-09-30,734b3a1f-9391-4bb8-856b-a71e88101b97__20240929_ep03__src20240929,734b3a1f-9391-4bb8-856b-a71e88101b97__20240929_ep03,734b3a1f-9391-4bb8-856b-a71e88101b97,HAPPY,-118.75281117639176,36.8640540765708,10.0,1381.4047909815824,22.98964561087522,216.85157384430633,331.0,33870.666,-263,114,101,101,8041,615,64,63,0.07648302614688873
202410,2024-09-30,2024-10-01,734b3a1f-9391-4bb8-856b-a71e88101b97__20240929_ep03__src20240930,734b3a1f-9391-4bb8-856b-a71e88101b97__20240929_ep03,734b3a1f-9391-4bb8-856b-a71e88101b97,HAPPY,-118.7168507721791,36.85802566063694,10.0,66923.04964942476,138.5815674645656,95.58663588344302,1020.0,101750.571,-262,114,101,101,8046,27,64,63,0.003355704713612795
202410,2024-10-02,2024-10-03,1091e020-803d-47b0-a317-f88bb04418ac__20240908_ep00__src20241002,1091e020-803d-47b0-a317-f88bb04418ac__20240908_ep00,1091e020-803d-47b0-a317-f88bb04418ac,LINE,-117.1403,34.188992,10.0,2139.6810444667917,492.0410493538394,335.14859366260873,510.0,131233.395,-256,86,100,93,7191,56,68,64,0.007787512149661779
202410,2024-10-11,2024-10-12,25609646-237c-4f56-bc3a-7b8d15108778__20240928_ep01__src20241011,25609646-237c-4f56-bc3a-7b8d15108778__20240928_ep01,25609646-237c-4f56-bc3a-7b8d15108778,COFFEE POT,-118.73918,36.408718,10.0,1383.5195352497767,65.48946777832442,18.299749410304116,2.0,1.215,-264,109,101,101,8042,185,64,63,0.023004228249192238
202410,2024-10-14,2024-10-15,81356a21-3773-4e77-888a-e4c366d1e0ae__20241014_ep00__src20241014,81356a21-3773-4e77-888a-e4c366d1e0ae__20241014_ep00,81356a21-3773-4e77-888a-e4c366d1e0ae,SHOE,-122.0947186700627,40.92909718173787,10.0,1533.5332569427558,44.14370229538165,202.26012237113486,220.0,987.4350000000002,-275,155,93,82,5475,83,54,59,0.015159817412495613
202410,2024-10-14,2024-10-15,960d6573-08ed-4e60-94b9-fbbe7e073974__20241014_ep00__src20241014,960d6573-08ed-4e60-94b9-fbbe7e073974__20241014_ep00,960d6573-08ed-4e60-94b9-fbbe7e073974,WENTWORTH,-120.12422586579856,39.050125800813206,10.0,568.5060147627153,1.4446482879732452,326.65247040219526,6.0,321.934,-268,140,101,99,7835,6,63,63,0.0007657945388928056
202410,2024-10-19,2024-10-20,734b3a1f-9391-4bb8-856b-a71e88101b97__20240929_ep03__src20241019,734b3a1f-9391-4bb8-856b-a71e88101b97__20240929_ep03,734b3a1f-9391-4bb8-856b-a71e88101b97,HAPPY,-118.73498557266186,36.881916818252094,10.0,340.43153201062086,3.5265354811273033,202.60502365869345,142.0,2203.2920000000004,-262,114,101,101,8041,13,64,63,0.0016167142894119024
202410,2024-10-19,2024-10-20,81356a21-3773-4e77-888a-e4c366d1e0ae__20241014_ep00__src20241019,81356a21-3773-4e77-888a-e4c366d1e0ae__20241014_ep00,81356a21-3773-4e77-888a-e4c366d1e0ae,SHOE,-122.10342779953923,40.910508974085815,10.0,1441.0713138477458,32.0827236310387,195.57039761377496,156.0,448.786,-275,155,93,82,5490,4,54,59,0.0007285974570550025
202410,2024-10-22,2024-10-23,694fdd82-1033-4b46-bfee-9c4ba9f79daa__20241022_ep00__src20241022,694fdd82-1033-4b46-bfee-9c4ba9f79daa__20241022_ep00,694fdd82-1033-4b46-bfee-9c4ba9f79daa,VETERANS,-122.514680262259,40.47681020904742,10.0,33201.766307696846,61.52687587853832,120.18887695325492,35.0,644.935,-279,153,90,86,5617,174,56,58,0.030977390706539154
202410,2024-10-26,2024-10-27,0c0fdd7c-1df7-4e87-b38b-2bf4b775e08c__20241026_ep02__src20241026,0c0fdd7c-1df7-4e87-b38b-2bf4b775e08c__20241026_ep02,0c0fdd7c-1df7-4e87-b38b-2bf4b775e08c,R-5 BRANHAM,-120.765,40.751614,10.0,9515.613841043103,458.6818065139479,50.3775890498506,230.0,13892.080000000002,-269,153,100,87,6256,15,57,63,0.0023976981174200773
202506,2025-06-18,2025-06-19,eaa65ef0-4056-413d-8c15-1b3cf2eef718__20250610_ep01__src20250618,eaa65ef0-4056-413d-8c15-1b3cf2eef718__20250610_ep01,eaa65ef0-4056-413d-8c15-1b3cf2eef718,ROBLAR,-117.38305660351564,33.37094765126788,10.0,4112.9601249521365,57.99432204675582,139.60709962828713,82.0,2692.7899999999995,-259,81,101,85,6527,8,72,63,0.0012256779009476304
202506,2025-06-19,2025-06-20,26393f58-8e5b-4172-ab1e-7d96705a8633__20250619_ep00__src20250619,26393f58-8e5b-4172-ab1e-7d96705a8633__20250619_ep00,26393f58-8e5b-4172-ab1e-7d96705a8633,RANCHO,-122.3171447933083,40.40755101368707,10.0,2040.4355160464468,34.06883681512473,40.58838429808742,30.0,1151.159,-278,153,92,87,5804,206,57,59,0.03549276292324066
202506,2025-06-19,2025-06-20,774ed9cc-a5c7-4630-a8a6-7534f1ca1dd3__20250619_ep00__src20250619,774ed9cc-a5c7-4630-a8a6-7534f1ca1dd3__20250619_ep00,774ed9cc-a5c7-4630-a8a6-7534f1ca1dd3,HAWICK,-116.88354,32.826706,10.0,188.475832551156,11.682553986239238,85.57843820657797,61.0,1001.138,-257,77,99,79,5834,202,75,64,0.0346246138215065
202506,2025-06-20,2025-06-21,ea23c231-4221-43f5-bfb4-6fea983f7c6f__20250620_ep00__src20250620,ea23c231-4221-43f5-bfb4-6fea983f7c6f__20250620_ep00,ea23c231-4221-43f5-bfb4-6fea983f7c6f,CAMINO,-120.45462262531385,37.75742946344264,10.0,527.1170472493909,29.77652615273466,91.57736786615794,28.0,442.469,-275,127,101,101,7997,656,64,63,0.0820307582616806
202506,2025-06-21,2025-06-22,048ee2dc-c291-4d73-bdd6-37f0d8478f17__20250606_ep03__src20250621,048ee2dc-c291-4d73-bdd6-37f0d8478f17__20250606_ep03,048ee2dc-c291-4d73-bdd6-37f0d8478f17,BORDER 53,-116.8047227339598,32.509971545442816,10.0,2446.9684859469635,125.39178425095687,128.1229802300404,84.0,590.3799999999999,-258,75,98,76,5479,132,76,65,0.024091986939311028
202506,2025-06-21,2025-06-22,0eb9df2d-44f9-45df-be89-6ea5e3a8ee24__20250621_ep00__src20250621,0eb9df2d-44f9-45df-be89-6ea5e3a8ee24__20250621_ep00,0eb9df2d-44f9-45df-be89-6ea5e3a8ee24,ASSIST/BDC/OASIS,-117.6485620338983,34.617611135593215,10.0,174.46983215856392,489.4822382933825,48.75144871115549,39.0,102.60899999999998,-259,89,101,96,7605,79,66,63,0.010387903079390526
202506,2025-06-21,2025-06-22,159cd591-b4a7-4f2c-975f-205bffdac69b__20250621_ep01__src20250621,159cd591-b4a7-4f2c-975f-205bffdac69b__20250621_ep01,159cd591-b4a7-4f2c-975f-205bffdac69b,CARRIZO 5,-116.2173657769376,32.42128809724007,10.0,109905.3329311762,447.9745277251004,43.97643698372849,2341.0,739536.377,-254,74,95,73,5144,6,78,66,0.001166407484561205
202506,2025-06-22,2025-06-23,159cd591-b4a7-4f2c-975f-205bffdac69b__20250621_ep01__src20250622,159cd591-b4a7-4f2c-975f-205bffdac69b__20250621_ep01,159cd591-b4a7-4f2c-975f-205bffdac69b,CARRIZO 5,-116.18362833333332,32.41305966666667,10.0,112.7536993370152,6.508819425357485,18.698532739031975,2849.0,843176.557,-254,74,95,73,5122,3,78,66,0.0005857087089680135
202506,2025-06-23,2025-06-24,ddd0b278-7655-4f20-829d-feeef1dc935f__20250623_ep01__src20250623,ddd0b278-7655-4f20-829d-feeef1dc935f__20250623_ep01,ddd0b278-7655-4f20-829d-feeef1dc935f,GARNET,-118.946445,36.7622695,10.0,2699.7884183246656,491.1698321157721,76.83498972851703,12.0,0.0,-264,113,101,101,8041,7,64,63,0.0008705384680069983
202506,2025-06-24,2025-06-25,048ee2dc-c291-4d73-bdd6-37f0d8478f17__20250606_ep03__src20250624,048ee2dc-c291-4d73-bdd6-37f0d8478f17__20250606_ep03,048ee2dc-c291-4d73-bdd6-37f0d8478f17,BORDER 53,-116.77095,32.506413,10.0,784.6816340178814,65.02291641674952,86.10905381493467,50.0,316.854,-258,75,98,75,5465,31,77,65,0.00567246088758111
202506,2025-06-24,2025-06-25,6386b0e5-909d-423f-9cdd-88cf4a80788b__20250624_ep00__src20250624,6386b0e5-909d-423f-9cdd-88cf4a80788b__20250624_ep00,6386b0e5-909d-423f-9cdd-88cf4a80788b,BLACK ROCK,-116.42848,34.114502,10.0,1063.5711610960857,493.6861457120884,33.61181072672571,1.0,0.0,-252,84,95,91,6803,56,69,66,0.008231662213802338
202506,2025-06-24,2025-06-25,b5d87608-4b3d-46b9-83c2-a9ecbd499c3e__20250624_ep03__src20250624,b5d87608-4b3d-46b9-83c2-a9ecbd499c3e__20250624_ep03,b5d87608-4b3d-46b9-83c2-a9ecbd499c3e,IRIS,-115.35893501871747,33.14864560498524,10.0,19483.087385103747,37.70276439787432,179.84665000886378,4.0,65.714,-249,77,88,80,5356,10,74,70,0.0018670649733394384
202506,2025-06-25,2025-06-26,b5d87608-4b3d-46b9-83c2-a9ecbd499c3e__20250624_ep03__src20250625,b5d87608-4b3d-46b9-83c2-a9ecbd499c3e__20250624_ep03,b5d87608-4b3d-46b9-83c2-a9ecbd499c3e,IRIS,-115.3962658230592,33.14123384433004,10.0,391.76125394786686,96.00962060733806,219.4343339294828,6.0,47.619,-249,77,88,80,5375,70,74,70,0.01302325539290905
202506,2025-06-27,2025-06-28,20e4a5b5-747c-40a2-8f13-9efac3e9a0b0__20250627_ep00__src20250627,20e4a5b5-747c-40a2-8f13-9efac3e9a0b0__20250627_ep00,20e4a5b5-747c-40a2-8f13-9efac3e9a0b0,DRY,-118.96522771864876,37.72152094516428,10.0,1304.9523538702815,490.96675291237426,90.15614696418868,3.0,4.322,-262,124,101,101,8045,7,64,63,0.0008701056358404458
202506,2025-06-27,2025-06-28,eaa65ef0-4056-413d-8c15-1b3cf2eef718__20250610_ep01__src20250627,eaa65ef0-4056-413d-8c15-1b3cf2eef718__20250610_ep01,eaa65ef0-4056-413d-8c15-1b3cf2eef718,ROBLAR,-117.42447258763588,33.445495606652074,10.0,9843.700232093312,165.47597158879412,96.10252470832626,9.0,93.356,-260,81,101,86,6606,1537,71,63,0.23266726732254028
202506,2025-06-29,2025-06-30,81fb97e6-3a18-4968-afae-bfec8a4aebd9__20250629_ep00__src20250629,81fb97e6-3a18-4968-afae-bfec8a4aebd9__20250629_ep00,81fb97e6-3a18-4968-afae-bfec8a4aebd9,LAKE,-117.38019333333334,34.31654133333333,10.0,1289.7722600844777,60.69678413064993,102.94337115006738,567.0,154315.18799999997,-257,87,101,93,7356,26,68,63,0.0035345295909792185
202507,2025-06-30,2025-07-01,f157bb82-87cf-4c44-874b-93dcb48f90b8__20250630_ep01__src20250630,f157bb82-87cf-4c44-874b-93dcb48f90b8__20250630_ep01,f157bb82-87cf-4c44-874b-93dcb48f90b8,HIDDEN VALLEY,-114.48770396334396,33.85759290862767,10.0,10656.225657354122,470.91056280188906,8.657042205258506,8.0,522.806,-243,80,80,86,5331,39,71,74,0.0073157004080712795
202507,2025-07-02,2025-07-03,78d040b5-089a-45e1-91d9-9904e116ca0d__20250702_ep00__src20250702,78d040b5-089a-45e1-91d9-9904e116ca0d__20250702_ep00,78d040b5-089a-45e1-91d9-9904e116ca0d,GREEN,-122.09326,40.8344,10.0,2409.666647473022,10.099425752714485,328.96077550718246,8.0,18.479000000000003,-276,155,94,83,5567,21,55,60,0.003772229189053178
202507,2025-07-02,2025-07-03,a10186fa-8ed8-4bd5-9499-e0017bc17bdb__20250702_ep00__src20250702,a10186fa-8ed8-4bd5-9499-e0017bc17bdb__20250702_ep00,a10186fa-8ed8-4bd5-9499-e0017bc17bdb,ALMOND,-119.60449919458216,35.459144320183825,10.0,15602.252986409369,78.6081061595934,181.86796493731455,12.0,330.76,-274,101,101,101,8030,145,64,63,0.018057284876704216
202507,2025-07-02,2025-07-03,be80d7a0-567e-4ab6-bb7d-12b1959b25cc__20250702_ep02__src20250702,be80d7a0-567e-4ab6-bb7d-12b1959b25cc__20250702_ep02,be80d7a0-567e-4ab6-bb7d-12b1959b25cc,BOYD,-115.46868,32.870762,10.0,350.60196484815384,46.98634542317944,152.64093116080016,1.0,1.219,-250,76,88,77,5181,2134,76,70,0.41188958287239075
202507,2025-07-03,2025-07-04,be80d7a0-567e-4ab6-bb7d-12b1959b25cc__20250702_ep02__src20250703,be80d7a0-567e-4ab6-bb7d-12b1959b25cc__20250702_ep02,be80d7a0-567e-4ab6-bb7d-12b1959b25cc,BOYD,-115.4828441307068,32.86054855227543,10.0,219216.43524309483,274.8449288594836,287.5706944461347,13.0,756.306,-250,76,88,77,5175,2153,76,70,0.4160386621952057
202507,2025-07-05,2025-07-06,78d040b5-089a-45e1-91d9-9904e116ca0d__20250702_ep00__src20250705,78d040b5-089a-45e1-91d9-9904e116ca0d__20250702_ep00,78d040b5-089a-45e1-91d9-9904e116ca0d,GREEN,-122.09751206818372,40.84077486366024,10.0,2403.8951670871047,36.88342135793433,199.94207803576725,298.0,5496.824,-276,155,94,83,5555,150,55,60,0.027002699673175812
202507,2025-07-05,2025-07-06,a46a3d23-edec-4b99-b508-f60ef738b1cb__20250705_ep00__src20250705,a46a3d23-edec-4b99-b508-f60ef738b1cb__20250705_ep00,a46a3d23-edec-4b99-b508-f60ef738b1cb,BUTLER,-123.41596777822504,41.31482073436413,10.0,260.340922930722,30.23818147979531,27.134817993029287,51.0,309.515,-280,159,85,74,4452,39,50,55,0.008760107681155205
202507,2025-07-05,2025-07-06,cbc2b9c5-df12-4655-a8f3-6e349babd0c3__20250702_ep01__src20250705,cbc2b9c5-df12-4655-a8f3-6e349babd0c3__20250702_ep01,cbc2b9c5-df12-4655-a8f3-6e349babd0c3,SUMMIT,-123.13378922918966,41.52389292209813,10.0,80378.64843288684,243.502640837281,53.12086655936599,1950.0,300599.023,-278,160,87,73,4443,63,50,56,0.014179608784615993
202507,2025-07-06,2025-07-07,528036d0-4668-402d-8157-a756c26e3eee__20250706_ep00__src20250706,528036d0-4668-402d-8157-a756c26e3eee__20250706_ep00,528036d0-4668-402d-8157-a756c26e3eee,FLUME,-118.71189045311256,36.16186431305261,10.0,540.2684510908025,496.583056583768,71.07422083013313,5.0,78.03800000000001,-264,106,101,101,8046,7,64,63,0.0008699974860064685
202507,2025-07-06,2025-07-07,78d040b5-089a-45e1-91d9-9904e116ca0d__20250702_ep00__src20250706,78d040b5-089a-45e1-91d9-9904e116ca0d__20250702_ep00,78d040b5-089a-45e1-91d9-9904e116ca0d,GREEN,-122.09911385222856,40.83640587517354,10.0,26739.892041494262,60.528240199698146,175.91452582785485,1368.0,26040.646,-276,155,94,83,5559,150,55,60,0.026983270421624184
202507,2025-07-06,2025-07-07,a46a3d23-edec-4b99-b508-f60ef738b1cb__20250705_ep00__src20250706,a46a3d23-edec-4b99-b508-f60ef738b1cb__20250705_ep00,a46a3d23-edec-4b99-b508-f60ef738b1cb,BUTLER,-123.42589843908316,41.31240864612337,10.0,2422.6469523324763,31.572522750089465,248.43823748136413,214.0,7118.098,-280,159,85,74,4449,100,50,55,0.022476961836218834
202507,2025-07-06,2025-07-07,cbc2b9c5-df12-4655-a8f3-6e349babd0c3__20250702_ep01__src20250706,cbc2b9c5-df12-4655-a8f3-6e349babd0c3__20250702_ep01,cbc2b9c5-df12-4655-a8f3-6e349babd0c3,SUMMIT,-123.17236406987432,41.539613675854426,10.0,4551.386349015276,50.940052941928755,246.49589013007096,1348.0,176195.64,-278,160,87,73,4400,173,50,56,0.039318181574344635
202507,2025-07-07,2025-07-08,cbc2b9c5-df12-4655-a8f3-6e349babd0c3__20250702_ep01__src20250707,cbc2b9c5-df12-4655-a8f3-6e349babd0c3__20250702_ep01,cbc2b9c5-df12-4655-a8f3-6e349babd0c3,SUMMIT,-123.16709308169828,41.53647072949759,10.0,18817.134077548257,52.28700495959672,283.39718478443376,2260.0,216349.536,-278,160,87,73,4407,618,50,56,0.1402314454317093
202507,2025-07-07,2025-07-08,d185ee7e-b38c-4f04-b838-5abc04447ea7__20250707_ep02__src20250707,d185ee7e-b38c-4f04-b838-5abc04447ea7__20250707_ep02,d185ee7e-b38c-4f04-b838-5abc04447ea7,BLUE WATER,-114.252,34.156994,10.0,2340.975935854952,396.09854621484067,13.356902922461416,2.0,0.0,-241,82,78,89,5356,26,70,75,0.004854368977248669
202507,2025-07-08,2025-07-09,9b3b3ea9-dd07-4982-99a6-f811dc71c3bf__20250708_ep00__src20250708,9b3b3ea9-dd07-4982-99a6-f811dc71c3bf__20250708_ep00,9b3b3ea9-dd07-4982-99a6-f811dc71c3bf,COTTONWOOD,-122.63378650481644,42.129711397140504,10.0,9281.436536604497,146.74037056299122,54.32131661838912,12.0,185.682,-274,162,90,68,4155,1291,47,58,0.31070998311042786
202507,2025-07-08,2025-07-09,cbc2b9c5-df12-4655-a8f3-6e349babd0c3__20250702_ep01__src20250708,cbc2b9c5-df12-4655-a8f3-6e349babd0c3__20250702_ep01,cbc2b9c5-df12-4655-a8f3-6e349babd0c3,SUMMIT,-123.1329206713408,41.51811316119668,10.0,93098.20793469412,139.2075924189672,5.082151114046042,2880.0,40184.931,-278,160,87,73,4445,95,50,56,0.021372327581048012
202507,2025-07-08,2025-07-09,d185ee7e-b38c-4f04-b838-5abc04447ea7__20250707_ep02__src20250708,d185ee7e-b38c-4f04-b838-5abc04447ea7__20250707_ep02,d185ee7e-b38c-4f04-b838-5abc04447ea7,BLUE WATER,-114.252,34.156994,10.0,2140.9147047916713,395.7455010822186,13.36209056963395,2.0,0.0,-241,82,78,89,5356,13,70,75,0.0024271844886243343
202507,2025-07-09,2025-07-10,9b3b3ea9-dd07-4982-99a6-f811dc71c3bf__20250708_ep00__src20250709,9b3b3ea9-dd07-4982-99a6-f811dc71c3bf__20250708_ep00,9b3b3ea9-dd07-4982-99a6-f811dc71c3bf,COTTONWOOD,-122.6289876803189,42.12345996512065,10.0,129943.74250800116,117.26802025371832,137.0223159243568,290.0,1647.1180000000002,-274,162,90,68,4165,25,47,58,0.006002401001751423
202507,2025-07-09,2025-07-10,cbc2b9c5-df12-4655-a8f3-6e349babd0c3__20250702_ep01__src20250709,cbc2b9c5-df12-4655-a8f3-6e349babd0c3__20250702_ep01,cbc2b9c5-df12-4655-a8f3-6e349babd0c3,SUMMIT,-123.13564050960412,41.51829912526591,10.0,6431.03868646934,49.11904397985002,220.52212686434325,546.0,7250.844,-278,160,87,73,4445,101,50,56,0.022722160443663597
202507,2025-07-10,2025-07-11,9b3b3ea9-dd07-4982-99a6-f811dc71c3bf__20250708_ep00__src20250710,9b3b3ea9-dd07-4982-99a6-f811dc71c3bf__20250708_ep00,9b3b3ea9-dd07-4982-99a6-f811dc71c3bf,COTTONWOOD,-122.6297619920756,42.11790473777207,10.0,2272.2983861120356,120.5018996814968,83.27160227552724,239.0,1444.427,-274,162,90,68,4170,130,47,58,0.03117506019771099
202507,2025-07-10,2025-07-11,b5d87608-4b3d-46b9-83c2-a9ecbd499c3e__20250624_ep03__src20250710,b5d87608-4b3d-46b9-83c2-a9ecbd499c3e__20250624_ep03,b5d87608-4b3d-46b9-83c2-a9ecbd499c3e,IRIS,-115.39573626953606,33.13989550756894,10.0,730.8865295164472,498.06224847003625,21.351629791892947,2.0,24.442,-249,77,88,80,5375,24,74,70,0.004465116187930107
202507,2025-07-10,2025-07-11,c59c71e2-f79f-440b-8c84-48058988f3cf__20250705_ep00__src20250710,c59c71e2-f79f-440b-8c84-48058988f3cf__20250705_ep00,c59c71e2-f79f-440b-8c84-48058988f3cf,MADRE,-119.75254905621571,35.05966448286106,10.0,832.8051266347962,379.3895528366804,56.95419447520078,39.0,2135.168,-276,97,101,100,7881,54,64,63,0.006851922255009413
202507,2025-07-10,2025-07-11,cbc2b9c5-df12-4655-a8f3-6e349babd0c3__20250702_ep01__src20250710,cbc2b9c5-df12-4655-a8f3-6e349babd0c3__20250702_ep01,cbc2b9c5-df12-4655-a8f3-6e349babd0c3,SUMMIT,-123.13297325419988,41.51594289131695,10.0,8050.1560686870225,55.393276170586475,199.38143146827247,491.0,6620.84,-278,160,87,73,4447,1875,50,56,0.4216325581073761
202507,2025-07-10,2025-07-11,de764fb1-9acc-4204-981f-2a5073b4dd7e__20250710_ep00__src20250710,de764fb1-9acc-4204-981f-2a5073b4dd7e__20250710_ep00,de764fb1-9acc-4204-981f-2a5073b4dd7e,SWR MCINTOSH SOUTH,-121.98802404727628,39.79591021036596,10.0,4920.413862089711,55.51467482946327,15.158826115500574,20.0,154.47899999999998,-278,149,95,94,6492,142,60,60,0.021873073652386665
202507,2025-07-11,2025-07-12,9b3b3ea9-dd07-4982-99a6-f811dc71c3bf__20250708_ep00__src20250711,9b3b3ea9-dd07-4982-99a6-f811dc71c3bf__20250708_ep00,9b3b3ea9-dd07-4982-99a6-f811dc71c3bf,COTTONWOOD,-122.62582316292756,42.11650972710555,10.0,10403.236216295923,175.22086737624886,131.72120579953798,1042.0,6150.659000000001,-274,162,90,68,4173,54,47,58,0.012940330430865288
202507,2025-07-11,2025-07-12,b5d87608-4b3d-46b9-83c2-a9ecbd499c3e__20250624_ep03__src20250711,b5d87608-4b3d-46b9-83c2-a9ecbd499c3e__20250624_ep03,b5d87608-4b3d-46b9-83c2-a9ecbd499c3e,IRIS,-115.51862631466751,33.287572605704035,10.0,8073.34542825831,492.6211740938247,45.14832362585912,49.0,1073.8,-249,78,89,82,5568,889,73,69,0.15966235101222992
202507,2025-07-11,2025-07-12,cbc2b9c5-df12-4655-a8f3-6e349babd0c3__20250702_ep01__src20250711,cbc2b9c5-df12-4655-a8f3-6e349babd0c3__20250702_ep01,cbc2b9c5-df12-4655-a8f3-6e349babd0c3,SUMMIT,-123.13643809935073,41.51481352231507,10.0,322527.09952583845,235.0490029502798,146.16744595379907,2560.0,37996.876,-278,160,87,73,4447,941,50,56,0.2116033285856247
202507,2025-07-11,2025-07-12,de764fb1-9acc-4204-981f-2a5073b4dd7e__20250710_ep00__src20250711,de764fb1-9acc-4204-981f-2a5073b4dd7e__20250710_ep00,de764fb1-9acc-4204-981f-2a5073b4dd7e,SWR MCINTOSH SOUTH,-121.98802404727628,39.79591021036596,10.0,10011.597028240998,30.377658759456565,293.98901657527074,20.0,154.47899999999998,-278,149,95,94,6492,801,60,60,0.12338262796401978
202507,2025-07-12,2025-07-13,78d040b5-089a-45e1-91d9-9904e116ca0d__20250702_ep00__src20250712,78d040b5-089a-45e1-91d9-9904e116ca0d__20250702_ep00,78d040b5-089a-45e1-91d9-9904e116ca0d,GREEN,-122.11281070783278,40.81568362541439,10.0,7982.197244386329,55.497165586682826,188.08309473330274,4578.0,100273.734,-276,155,94,83,5569,936,55,60,0.16807326674461365
202507,2025-07-12,2025-07-13,9b3b3ea9-dd07-4982-99a6-f811dc71c3bf__20250708_ep00__src20250712,9b3b3ea9-dd07-4982-99a6-f811dc71c3bf__20250708_ep00,9b3b3ea9-dd07-4982-99a6-f811dc71c3bf,COTTONWOOD,-122.63036265357825,42.11866877327422,10.0,3560.952548222942,131.90477670743311,102.0304646620142,103.0,606.6510000000001,-274,162,90,68,4167,25,47,58,0.00599951995536685
202507,2025-07-12,2025-07-13,b5d87608-4b3d-46b9-83c2-a9ecbd499c3e__20250624_ep03__src20250712,b5d87608-4b3d-46b9-83c2-a9ecbd499c3e__20250624_ep03,b5d87608-4b3d-46b9-83c2-a9ecbd499c3e,IRIS,-115.52080801039752,33.26149321413823,10.0,334523.18790895614,454.90671167505184,59.41227030061998,146.0,3264.6800000000003,-249,78,89,81,5543,1558,74,69,0.28107523918151855
202507,2025-07-12,2025-07-13,cbc2b9c5-df12-4655-a8f3-6e349babd0c3__20250702_ep01__src20250712,cbc2b9c5-df12-4655-a8f3-6e349babd0c3__20250702_ep01,cbc2b9c5-df12-4655-a8f3-6e349babd0c3,SUMMIT,-123.13421168015694,41.513849047869705,10.0,99413.39192540113,101.90595322325974,230.48829206603887,688.0,10244.004,-278,160,87,73,4447,1057,50,56,0.2376883327960968
202507,2025-07-13,2025-07-14,78d040b5-089a-45e1-91d9-9904e116ca0d__20250702_ep00__src20250713,78d040b5-089a-45e1-91d9-9904e116ca0d__20250702_ep00,78d040b5-089a-45e1-91d9-9904e116ca0d,GREEN,-122.09661115122474,40.8421219082015,10.0,104098.99570830398,229.77395068668145,166.44144171414166,8605.0,180769.79100000003,-276,155,94,83,5553,96,55,60,0.017287952825427055
202507,2025-07-13,2025-07-14,a46a3d23-edec-4b99-b508-f60ef738b1cb__20250705_ep00__src20250713,a46a3d23-edec-4b99-b508-f60ef738b1cb__20250705_ep00,a46a3d23-edec-4b99-b508-f60ef738b1cb,BUTLER,-123.39571932198248,41.29702564236509,10.0,3934.878669832641,13.771509123033033,248.05671837093337,5905.0,184425.853,-280,159,85,75,4483,16,51,55,0.0035690385848283768
202507,2025-07-13,2025-07-14,b5d87608-4b3d-46b9-83c2-a9ecbd499c3e__20250624_ep03__src20250713,b5d87608-4b3d-46b9-83c2-a9ecbd499c3e__20250624_ep03,b5d87608-4b3d-46b9-83c2-a9ecbd499c3e,IRIS,-115.52080801039752,33.26149321413823,10.0,238567.53971939287,346.36546949746383,35.49970690953796,45.0,1083.817,-249,78,89,81,5543,478,74,69,0.08623488992452621
202507,2025-07-13,2025-07-14,cbc2b9c5-df12-4655-a8f3-6e349babd0c3__20250702_ep01__src20250713,cbc2b9c5-df12-4655-a8f3-6e349babd0c3__20250702_ep01,cbc2b9c5-df12-4655-a8f3-6e349babd0c3,SUMMIT,-123.13435921583968,41.51137414111161,10.0,102412.92274538268,130.86721184065922,154.92023027674418,372.0,4240.079,-278,160,87,73,4448,100,50,56,0.022482015192508698
202507,2025-07-14,2025-07-15,78d040b5-089a-45e1-91d9-9904e116ca0d__20250702_ep00__src20250714,78d040b5-089a-45e1-91d9-9904e116ca0d__20250702_ep00,78d040b5-089a-45e1-91d9-9904e116ca0d,GREEN,-122.10048308129268,40.84278936640619,10.0,14936.034511761516,43.30588621972232,200.97101779242064,5808.0,89946.31399999998,-276,155,94,83,5552,285,55,60,0.051332853734493256
202507,2025-07-14,2025-07-15,b5d87608-4b3d-46b9-83c2-a9ecbd499c3e__20250624_ep03__src20250714,b5d87608-4b3d-46b9-83c2-a9ecbd499c3e__20250624_ep03,b5d87608-4b3d-46b9-83c2-a9ecbd499c3e,IRIS,-115.51688,33.287636,10.0,74812.95052392187,396.7624884403901,42.29410153493393,63.0,1563.655,-249,78,89,82,5567,4,73,69,0.000718519848305732
202507,2025-07-14,2025-07-15,cbc2b9c5-df12-4655-a8f3-6e349babd0c3__20250702_ep01__src20250714,cbc2b9c5-df12-4655-a8f3-6e349babd0c3__20250702_ep01,cbc2b9c5-df12-4655-a8f3-6e349babd0c3,SUMMIT,-123.136,41.510143,10.0,7152.8862051452215,97.95822019956168,154.03241764863742,98.0,429.1040000000001,-278,160,87,73,4450,1094,50,56,0.24584269523620605
202507,2025-07-15,2025-07-16,78d040b5-089a-45e1-91d9-9904e116ca0d__20250702_ep00__src20250715,78d040b5-089a-45e1-91d9-9904e116ca0d__20250702_ep00,78d040b5-089a-45e1-91d9-9904e116ca0d,GREEN,-122.09843165967028,40.84535165342535,10.0,22850.77316570364,191.21340393467125,325.6957967500916,4972.0,41744.188,-276,155,94,83,5549,1188,55,60,0.21409262716770172
202507,2025-07-15,2025-07-16,cbc2b9c5-df12-4655-a8f3-6e349babd0c3__20250702_ep01__src20250715,cbc2b9c5-df12-4655-a8f3-6e349babd0c3__20250702_ep01,cbc2b9c5-df12-4655-a8f3-6e349babd0c3,SUMMIT,-123.13521398224935,41.50888352262476,10.0,117207.28164946944,269.722054874286,82.28819198524047,90.0,231.14900000000003,-278,160,87,73,4452,1205,50,56,0.27066487073898315
202507,2025-07-16,2025-07-17,78d040b5-089a-45e1-91d9-9904e116ca0d__20250702_ep00__src20250716,78d040b5-089a-45e1-91d9-9904e116ca0d__20250702_ep00,78d040b5-089a-45e1-91d9-9904e116ca0d,GREEN,-122.08548478837125,40.846568305210454,10.0,176344.12249125465,231.99784592784857,36.35291613032592,1151.0,13862.626,-276,155,94,83,5553,44,55,60,0.007923644967377186
202507,2025-07-16,2025-07-17,cbc2b9c5-df12-4655-a8f3-6e349babd0c3__20250702_ep01__src20250716,cbc2b9c5-df12-4655-a8f3-6e349babd0c3__20250702_ep01,cbc2b9c5-df12-4655-a8f3-6e349babd0c3,SUMMIT,-123.13539,41.508972,10.0,182124.37323279725,181.08895210030957,51.66259075381549,30.0,38.264,-278,160,87,73,4452,1133,50,56,0.2544923722743988
202507,2025-07-17,2025-07-18,78d040b5-089a-45e1-91d9-9904e116ca0d__20250702_ep00__src20250717,78d040b5-089a-45e1-91d9-9904e116ca0d__20250702_ep00,78d040b5-089a-45e1-91d9-9904e116ca0d,GREEN,-122.09576976870902,40.828109569543614,10.0,2854.4116538844014,50.74437484697216,29.687444621526254,965.0,12005.449,-276,155,94,83,5572,617,55,60,0.11073223501443863
202507,2025-07-17,2025-07-18,cbc2b9c5-df12-4655-a8f3-6e349babd0c3__20250702_ep01__src20250717,cbc2b9c5-df12-4655-a8f3-6e349babd0c3__20250702_ep01,cbc2b9c5-df12-4655-a8f3-6e349babd0c3,SUMMIT,-123.13516161240786,41.51449050460688,10.0,237302.86676188512,301.47270195917395,60.17065922090717,24.0,21.934,-278,160,87,73,4447,25,50,56,0.005621767602860928
202507,2025-07-18,2025-07-19,78d040b5-089a-45e1-91d9-9904e116ca0d__20250702_ep00__src20250718,78d040b5-089a-45e1-91d9-9904e116ca0d__20250702_ep00,78d040b5-089a-45e1-91d9-9904e116ca0d,GREEN,-122.06367768055284,40.83015759672917,10.0,87142.75008569841,102.58754274341116,340.9851924252549,9512.0,101782.59200000002,-276,155,94,83,5580,326,55,60,0.058422937989234924
202507,2025-07-18,2025-07-19,a1cc941f-1b6c-4576-a4ed-c66925298882__20250613_ep03__src20250718,a1cc941f-1b6c-4576-a4ed-c66925298882__20250613_ep03,a1cc941f-1b6c-4576-a4ed-c66925298882,LEVEE,-114.85058682660154,32.62612544831197,10.0,2430.4317165669845,495.0639557406291,337.6017488990622,109.0,846.6590000000001,-247,74,84,73,4627,6,78,72,0.0012967365328222513
202507,2025-07-18,2025-07-19,cbc2b9c5-df12-4655-a8f3-6e349babd0c3__20250702_ep01__src20250718,cbc2b9c5-df12-4655-a8f3-6e349babd0c3__20250702_ep01,cbc2b9c5-df12-4655-a8f3-6e349babd0c3,SUMMIT,-123.13516161240786,41.51449050460688,10.0,2246.8419368500536,28.042788408152237,202.28807131346306,10.0,8.188,-278,160,87,73,4447,717,50,56,0.16123229265213013
202507,2025-07-19,2025-07-20,78d040b5-089a-45e1-91d9-9904e116ca0d__20250702_ep00__src20250719,78d040b5-089a-45e1-91d9-9904e116ca0d__20250702_ep00,78d040b5-089a-45e1-91d9-9904e116ca0d,GREEN,-122.04808987030226,40.82489699983547,10.0,28548.280706410176,50.64734811377608,22.151884978961903,1796.0,14825.282,-276,155,94,83,5591,910,55,60,0.16276158392429352
202507,2025-07-19,2025-07-20,a1cc941f-1b6c-4576-a4ed-c66925298882__20250613_ep03__src20250719,a1cc941f-1b6c-4576-a4ed-c66925298882__20250613_ep03,a1cc941f-1b6c-4576-a4ed-c66925298882,LEVEE,-114.79163255712936,32.63762656353335,10.0,2585.7149277280096,486.1422160809629,33.64008725672477,62.0,482.454,-247,74,84,73,4608,10,78,72,0.002170138992369175
202507,2025-07-19,2025-07-20,a46a3d23-edec-4b99-b508-f60ef738b1cb__20250705_ep00__src20250719,a46a3d23-edec-4b99-b508-f60ef738b1cb__20250705_ep00,a46a3d23-edec-4b99-b508-f60ef738b1cb,BUTLER,-123.3490275554523,41.26988241672516,10.0,1897.0708466200851,9.853625464917387,287.83325608335974,3316.0,72298.76999999999,-280,159,85,75,4520,389,51,55,0.08606194704771042
202507,2025-07-19,2025-07-20,b5d87608-4b3d-46b9-83c2-a9ecbd499c3e__20250624_ep03__src20250719,b5d87608-4b3d-46b9-83c2-a9ecbd499c3e__20250624_ep03,b5d87608-4b3d-46b9-83c2-a9ecbd499c3e,IRIS,-115.51423015676568,33.28645387609676,10.0,925.9904809243998,470.827177616084,42.86764933753295,6.0,78.691,-249,78,89,82,5562,10,73,69,0.001797914388589561
202507,2025-07-20,2025-07-21,78d040b5-089a-45e1-91d9-9904e116ca0d__20250702_ep00__src20250720,78d040b5-089a-45e1-91d9-9904e116ca0d__20250702_ep00,78d040b5-089a-45e1-91d9-9904e116ca0d,GREEN,-122.06048,40.8285885,10.0,133269.7242720635,250.05118087639173,42.83015898915414,2531.0,18293.07799999999,-276,155,94,83,5583,70,55,60,0.012538062408566475
202507,2025-07-22,2025-07-23,a46a3d23-edec-4b99-b508-f60ef738b1cb__20250705_ep00__src20250722,a46a3d23-edec-4b99-b508-f60ef738b1cb__20250705_ep00,a46a3d23-edec-4b99-b508-f60ef738b1cb,BUTLER,-123.35506020712332,41.24105065191918,10.0,34518.82070355948,121.58029298610698,50.18533868740877,3165.0,104788.49099999998,-280,159,85,75,4538,58,51,55,0.012780960649251938
202507,2025-07-22,2025-07-23,a4bf169f-d9aa-4f2b-bd3a-a1ddb11a8105__20250715_ep02__src20250722,a4bf169f-d9aa-4f2b-bd3a-a1ddb11a8105__20250715_ep02,a4bf169f-d9aa-4f2b-bd3a-a1ddb11a8105,BOISE,-123.70594,41.090225,10.0,4617.959839849541,35.116470053171504,28.487957477733573,6.0,0.0,-282,158,83,76,4462,39,51,54,0.00874047540128231
202507,2025-07-23,2025-07-24,a46a3d23-edec-4b99-b508-f60ef738b1cb__20250705_ep00__src20250723,a46a3d23-edec-4b99-b508-f60ef738b1cb__20250705_ep00,a46a3d23-edec-4b99-b508-f60ef738b1cb,BUTLER,-123.40101467758824,41.2544830805847,10.0,6901.886121160662,21.560152499764,304.2328886741596,2538.0,92875.908,-280,159,85,75,4508,75,51,55,0.016637088730931282
202507,2025-07-24,2025-07-25,a1cc941f-1b6c-4576-a4ed-c66925298882__20250613_ep03__src20250724,a1cc941f-1b6c-4576-a4ed-c66925298882__20250613_ep03,a1cc941f-1b6c-4576-a4ed-c66925298882,LEVEE,-114.54289800892847,32.72403421967051,10.0,14059.188095682768,497.3552861012235,29.214186060064662,32.0,913.576,-245,74,81,74,4528,24,77,73,0.005300353281199932
202507,2025-07-24,2025-07-25,a46a3d23-edec-4b99-b508-f60ef738b1cb__20250705_ep00__src20250724,a46a3d23-edec-4b99-b508-f60ef738b1cb__20250705_ep00,a46a3d23-edec-4b99-b508-f60ef738b1cb,BUTLER,-123.3515195670184,41.24577222894897,10.0,12008.543908005637,15.457714474962067,27.583573616717104,4132.0,66561.868,-280,159,85,75,4537,31,51,55,0.0068327090702950954
202507,2025-07-25,2025-07-26,a1cc941f-1b6c-4576-a4ed-c66925298882__20250613_ep03__src20250725,a1cc941f-1b6c-4576-a4ed-c66925298882__20250613_ep03,a1cc941f-1b6c-4576-a4ed-c66925298882,LEVEE,-114.81953118409932,32.64068609289337,10.0,22000.68635622117,496.70513062214707,32.49920238325279,50.0,1269.5990000000002,-247,74,84,73,4627,6,78,72,0.0012967365328222513
202507,2025-07-25,2025-07-26,a46a3d23-edec-4b99-b508-f60ef738b1cb__20250705_ep00__src20250725,a46a3d23-edec-4b99-b508-f60ef738b1cb__20250705_ep00,a46a3d23-edec-4b99-b508-f60ef738b1cb,BUTLER,-123.3551640694848,41.238423786038446,10.0,2861.413874171604,14.654504460096875,329.9665263370321,2695.0,31821.197,-280,159,85,75,4540,20,51,55,0.0044052861630916595
202507,2025-07-26,2025-07-27,a1cc941f-1b6c-4576-a4ed-c66925298882__20250613_ep03__src20250726,a1cc941f-1b6c-4576-a4ed-c66925298882__20250613_ep03,a1cc941f-1b6c-4576-a4ed-c66925298882,LEVEE,-114.79179,32.64320133333333,10.0,2659.8377120173645,495.29535946979706,30.393337788032056,61.0,1132.594,-247,74,84,73,4609,12,78,72,0.0026036016643047333
202507,2025-07-26,2025-07-27,a46a3d23-edec-4b99-b508-f60ef738b1cb__20250705_ep00__src20250726,a46a3d23-edec-4b99-b508-f60ef738b1cb__20250705_ep00,a46a3d23-edec-4b99-b508-f60ef738b1cb,BUTLER,-123.35224036838687,41.23232404707365,10.0,2642.8034135652497,16.89626952418214,359.8017406458945,2232.0,11120.352,-280,159,85,75,4548,34,51,55,0.007475813385099173
202507,2025-07-27,2025-07-28,a46a3d23-edec-4b99-b508-f60ef738b1cb__20250705_ep00__src20250727,a46a3d23-edec-4b99-b508-f60ef738b1cb__20250705_ep00,a46a3d23-edec-4b99-b508-f60ef738b1cb,BUTLER,-123.38593,41.249741,10.0,5180.920330426104,19.35729865294852,347.86834589186986,2404.0,15096.631,-280,159,85,75,4518,39,51,55,0.00863213837146759
202507,2025-07-28,2025-07-29,a46a3d23-edec-4b99-b508-f60ef738b1cb__20250705_ep00__src20250728,a46a3d23-edec-4b99-b508-f60ef738b1cb__20250705_ep00,a46a3d23-edec-4b99-b508-f60ef738b1cb,BUTLER,-123.38760629427124,41.249974077933736,10.0,3961.5298535909824,11.11720251217884,18.520288410054604,2250.0,14464.968,-280,159,85,75,4518,5,51,55,0.0011066843289881945
202508,2025-07-31,2025-08-01,f15a1a03-1142-42d3-b205-e6100548d4e4__20250731_ep01__src20250731,f15a1a03-1142-42d3-b205-e6100548d4e4__20250731_ep01,f15a1a03-1142-42d3-b205-e6100548d4e4,BIG CLIFF,-123.07058999999998,41.339478,10.0,2280.5144770507277,36.29667585477948,111.81152326815447,84.0,802.347,-279,159,88,75,4624,104,51,57,0.022491348907351494
202508,2025-08-01,2025-08-02,407e37bb-518b-4901-9f9b-7e2d1773bb1b__20250801_ep00__src20250801,407e37bb-518b-4901-9f9b-7e2d1773bb1b__20250801_ep00,407e37bb-518b-4901-9f9b-7e2d1773bb1b,GATE,-120.53498800809048,34.80305258182097,10.0,4854.178092607,78.148912388582,46.659939693475906,21.0,489.4649999999999,-284,97,101,99,7716,475,65,63,0.06156039237976074
202508,2025-08-01,2025-08-02,b5d87608-4b3d-46b9-83c2-a9ecbd499c3e__20250624_ep03__src20250801,b5d87608-4b3d-46b9-83c2-a9ecbd499c3e__20250624_ep03,b5d87608-4b3d-46b9-83c2-a9ecbd499c3e,IRIS,-115.51333145960716,33.28834384769842,10.0,1454.4247109059938,485.0946760902452,40.916258698114234,35.0,346.399,-249,78,89,82,5563,11,73,69,0.001977350329980254
202508,2025-08-01,2025-08-02,f15a1a03-1142-42d3-b205-e6100548d4e4__20250731_ep01__src20250801,f15a1a03-1142-42d3-b205-e6100548d4e4__20250731_ep01,f15a1a03-1142-42d3-b205-e6100548d4e4,BIG CLIFF,-123.00754046966492,41.30222054948177,10.0,11448.695834739938,51.85489510296772,300.26240202005846,1225.0,49728.09799999998,-279,158,88,76,4683,3,51,57,0.0006406150059774518
202508,2025-08-03,2025-08-04,d2733b16-58bf-4e90-88e4-e09760569170__20250803_ep00__src20250803,d2733b16-58bf-4e90-88e4-e09760569170__20250803_ep00,d2733b16-58bf-4e90-88e4-e09760569170,HELIOS,-120.09318405584504,35.390045483307034,10.0,31424.657444061915,94.67274502037029,163.23928106224332,90.0,21037.968000000004,-278,101,101,101,8021,28,64,63,0.0034908365923911333
202508,2025-08-03,2025-08-04,ea07aeb7-e4ce-40f7-9ee5-47457e2d9014__20250803_ep00__src20250803,ea07aeb7-e4ce-40f7-9ee5-47457e2d9014__20250803_ep00,ea07aeb7-e4ce-40f7-9ee5-47457e2d9014,RADAR,-121.1330302238919,41.72059881735667,10.0,32003.05061779439,478.76736332764256,84.68931460711963,9.0,59.492999999999995,-268,159,98,75,5153,250,51,62,0.048515427857637405
202508,2025-08-04,2025-08-05,c21bf5cc-6feb-48f7-ada2-87a79c87316c__20250804_ep00__src20250804,c21bf5cc-6feb-48f7-ada2-87a79c87316c__20250804_ep00,c21bf5cc-6feb-48f7-ada2-87a79c87316c,CLARK,-121.61178758996884,39.65784769736469,10.0,2055.739500844459,445.26038517643406,64.51892800375481,2.0,7.058,-277,148,96,95,6818,59,61,61,0.008653564378619194
202508,2025-08-04,2025-08-05,ea07aeb7-e4ce-40f7-9ee5-47457e2d9014__20250803_ep00__src20250804,ea07aeb7-e4ce-40f7-9ee5-47457e2d9014__20250803_ep00,ea07aeb7-e4ce-40f7-9ee5-47457e2d9014,RADAR,-121.1330302238919,41.72059881735667,10.0,35613.82638185509,453.0549449419205,85.39399007086303,9.0,59.492999999999995,-268,159,98,75,5153,142,51,62,0.0275567639619112
202508,2025-08-04,2025-08-05,eaa65ef0-4056-413d-8c15-1b3cf2eef718__20250802_ep02__src20250804,eaa65ef0-4056-413d-8c15-1b3cf2eef718__20250802_ep02,eaa65ef0-4056-413d-8c15-1b3cf2eef718,ROBLAR,-117.40663457207268,33.41475818506571,10.0,608321.425367199,169.1690465686383,29.28116368664479,133.0,1143.335,-260,81,101,86,6570,675,71,63,0.10273972898721695
202508,2025-08-05,2025-08-06,531ba367-d826-44fe-8ae7-27f03298034e__20250805_ep00__src20250805,531ba367-d826-44fe-8ae7-27f03298034e__20250805_ep00,531ba367-d826-44fe-8ae7-27f03298034e,GOLD,-116.88213375440849,34.32428741788945,10.0,160256.4798418177,167.85107833242452,230.6220851228921,687.0,86904.903,-254,86,99,93,7196,31,68,64,0.004307948984205723
202508,2025-08-05,2025-08-06,66845440-9c0c-4e3e-bdcd-a5a98525a4ea__20250805_ep00__src20250805,66845440-9c0c-4e3e-bdcd-a5a98525a4ea__20250805_ep00,66845440-9c0c-4e3e-bdcd-a5a98525a4ea,GRAPE,-119.21916,35.105972,10.0,3202.2972865582656,87.97092412394512,264.2724951996555,1.0,9.796,-271,96,101,100,7907,749,64,63,0.09472618997097015
202508,2025-08-05,2025-08-06,eaa65ef0-4056-413d-8c15-1b3cf2eef718__20250802_ep02__src20250805,eaa65ef0-4056-413d-8c15-1b3cf2eef718__20250802_ep02,eaa65ef0-4056-413d-8c15-1b3cf2eef718,ROBLAR,-117.40913867572156,33.40558564983022,10.0,59306.76571820692,162.35602577555758,266.9855773919141,125.0,1087.72,-260,81,101,86,6564,1231,71,63,0.18753808736801147
202508,2025-08-06,2025-08-07,531ba367-d826-44fe-8ae7-27f03298034e__20250805_ep00__src20250806,531ba367-d826-44fe-8ae7-27f03298034e__20250805_ep00,531ba367-d826-44fe-8ae7-27f03298034e,GOLD,-116.88374665261348,34.33095787970188,10.0,2488.4781872706144,497.05281638498326,23.792357455613796,2790.0,300430.62999999995,-254,86,99,94,7204,10,67,64,0.0013881176710128784
202508,2025-08-06,2025-08-07,f05cf890-5964-4242-9a7e-2d8502b0860b__20250806_ep01__src20250806,f05cf890-5964-4242-9a7e-2d8502b0860b__20250806_ep01,f05cf890-5964-4242-9a7e-2d8502b0860b,MARYSVILLE,-121.64338153464324,39.417815785418824,10.0,5250.016032095017,498.1430875517143,55.846784904135916,3.0,9.67,-278,146,96,98,6982,27,62,61,0.003867086721584201
202508,2025-08-06,2025-08-07,f15a1a03-1142-42d3-b205-e6100548d4e4__20250731_ep01__src20250806,f15a1a03-1142-42d3-b205-e6100548d4e4__20250731_ep01,f15a1a03-1142-42d3-b205-e6100548d4e4,BIG CLIFF,-123.01523010655691,41.299961405122446,10.0,18525.37180735136,285.56904427392,52.6762382404504,783.0,30326.089,-279,158,88,76,4681,4,51,57,0.0008545182645320892
202508,2025-08-08,2025-08-09,72049c70-a8ee-4523-8612-0f2bf0bbafe6__20250808_ep00__src20250808,72049c70-a8ee-4523-8612-0f2bf0bbafe6__20250808_ep00,72049c70-a8ee-4523-8612-0f2bf0bbafe6,RUNNER,-116.30404442893207,32.69963635524262,10.0,516.7942467559423,121.78469696556888,309.32150921863126,43.0,3560.0880000000006,-254,76,95,77,5454,54,76,66,0.009900989942252636
202508,2025-08-08,2025-08-09,a71d2959-c175-42d2-a4a7-6c6a125f16a1__20250808_ep00__src20250808,a71d2959-c175-42d2-a4a7-6c6a125f16a1__20250808_ep00,a71d2959-c175-42d2-a4a7-6c6a125f16a1,CANYON,-118.69942754028416,34.474679330863864,10.0,33515.70387789442,360.45222419059024,39.066548594387086,193.0,31413.23,-268,90,101,96,7502,99,66,63,0.013196481391787529
202508,2025-08-08,2025-08-09,fa3ff9fe-190f-43e5-9933-80b155e6421b__20250808_ep00__src20250808,fa3ff9fe-190f-43e5-9933-80b155e6421b__20250808_ep00,fa3ff9fe-190f-43e5-9933-80b155e6421b,PANOCHE,-120.98161708144798,36.62626299321267,10.0,252.85181956934187,218.6720003925011,10.00728327342307,50.0,1656.176,-282,116,100,101,7844,1408,64,63,0.1795002520084381
202508,2025-08-09,2025-08-10,ce5ad849-19cf-4d99-b071-7aecb17ab0cc__20250809_ep02__src20250809,ce5ad849-19cf-4d99-b071-7aecb17ab0cc__20250809_ep02,ce5ad849-19cf-4d99-b071-7aecb17ab0cc,MATEO,-120.3510145045045,36.80679976576576,10.0,76196.18455230314,106.07583009328742,132.1650993133373,6.0,4.329000000000001,-276,117,101,101,8035,594,64,63,0.07392656803131104
202508,2025-08-11,2025-08-12,fa4be96b-77c2-4675-83b6-1aa2723e7af6__20250811_ep01__src20250811,fa4be96b-77c2-4675-83b6-1aa2723e7af6__20250811_ep01,fa4be96b-77c2-4675-83b6-1aa2723e7af6,SOLAR,-118.37225514563345,34.722421036451706,10.0,42197.21203070656,164.87655864276164,258.68806319730095,60.0,9343.266,-265,92,101,97,7684,287,66,63,0.03735033795237541
202508,2025-08-12,2025-08-13,a1cc941f-1b6c-4576-a4ed-c66925298882__20250613_ep03__src20250812,a1cc941f-1b6c-4576-a4ed-c66925298882__20250613_ep03,a1cc941f-1b6c-4576-a4ed-c66925298882,LEVEE,-114.88799259960136,32.69127577672767,10.0,2494.6370377456424,488.74528789099634,37.193206930928454,27.0,343.695,-247,74,84,74,4700,79,77,72,0.016808509826660156
202508,2025-08-15,2025-08-16,d0d6aa2d-5450-4859-a5e5-194f918a24a8__20250815_ep00__src20250815,d0d6aa2d-5450-4859-a5e5-194f918a24a8__20250815_ep00,d0d6aa2d-5450-4859-a5e5-194f918a24a8,RANCH,-119.86629976665944,39.840777000079555,10.0,438.3890463749984,386.9552840790567,38.44430136684207,157.0,28986.015,-264,145,101,94,7303,145,60,63,0.01985485479235649
202508,2025-08-16,2025-08-17,d0d6aa2d-5450-4859-a5e5-194f918a24a8__20250815_ep00__src20250816,d0d6aa2d-5450-4859-a5e5-194f918a24a8__20250815_ep00,d0d6aa2d-5450-4859-a5e5-194f918a24a8,RANCH,-119.86798248960596,39.84014415524618,10.0,31056.43448397308,485.035656488174,48.78497091855871,328.0,58435.758,-264,145,101,94,7304,14,60,63,0.001916757901199162
202508,2025-08-17,2025-08-18,a1cc941f-1b6c-4576-a4ed-c66925298882__20250613_ep03__src20250817,a1cc941f-1b6c-4576-a4ed-c66925298882__20250613_ep03,a1cc941f-1b6c-4576-a4ed-c66925298882,LEVEE,-114.85393091735114,32.586547204773055,10.0,5496.245449948925,277.7552162266958,199.5972073207731,73.0,570.3909999999998,-247,74,84,73,4597,6,78,72,0.0013051989953964949
202508,2025-08-19,2025-08-20,d0d6aa2d-5450-4859-a5e5-194f918a24a8__20250815_ep00__src20250819,d0d6aa2d-5450-4859-a5e5-194f918a24a8__20250815_ep00,d0d6aa2d-5450-4859-a5e5-194f918a24a8,RANCH,-119.96783,39.886047,10.0,25065.573051272775,470.6176053858908,44.95448650307003,2.0,4.832,-264,145,101,94,7253,150,60,63,0.020681098103523254
202508,2025-08-20,2025-08-21,ba4ae23f-876c-4105-b7de-1e59c47783b2__20250820_ep00__src20250820,ba4ae23f-876c-4105-b7de-1e59c47783b2__20250820_ep00,ba4ae23f-876c-4105-b7de-1e59c47783b2,JICARILLA,-119.65676,38.853676,10.0,12146.766043210526,455.63044878599874,42.28524808390358,3.0,33.681,-265,137,101,100,7937,109,63,63,0.013733148574829102
202508,2025-08-22,2025-08-23,de764fb1-9acc-4204-981f-2a5073b4dd7e__20250822_ep01__src20250822,de764fb1-9acc-4204-981f-2a5073b4dd7e__20250822_ep01,de764fb1-9acc-4204-981f-2a5073b4dd7e,SWR MCINTOSH SOUTH,-121.97980574274872,39.81728149430741,10.0,81159.64592008045,115.3029047900044,282.78039951632024,421.0,4611.262,-278,149,95,94,6479,134,60,60,0.020682204514741898
202508,2025-08-23,2025-08-24,de764fb1-9acc-4204-981f-2a5073b4dd7e__20250822_ep01__src20250823,de764fb1-9acc-4204-981f-2a5073b4dd7e__20250822_ep01,de764fb1-9acc-4204-981f-2a5073b4dd7e,SWR MCINTOSH SOUTH,-121.97809206813167,39.81713851013441,10.0,21285.440082014735,107.1714194683463,232.73584608758264,363.0,2497.179,-278,149,95,94,6479,37,60,60,0.005710757803171873
202508,2025-08-26,2025-08-27,be246419-f76d-40bf-ac81-37bce7d536c6__20250826_ep00__src20250826,be246419-f76d-40bf-ac81-37bce7d536c6__20250826_ep00,be246419-f76d-40bf-ac81-37bce7d536c6,PEAK,-122.8515,40.904166999999994,10.0,131599.11709332865,254.93571734537608,30.83867929968386,477.0,5782.647,-279,156,89,80,5089,12,53,57,0.002358027035370469
202508,2025-08-26,2025-08-27,ff4f07c5-fb4c-45e2-8982-a51a936094be__20250826_ep02__src20250826,ff4f07c5-fb4c-45e2-8982-a51a936094be__20250826_ep02,ff4f07c5-fb4c-45e2-8982-a51a936094be,DILLON,-123.55734299999996,41.52285799999999,10.0,24220.782208911893,197.35888120804805,11.291112220924845,980.0,48327.38799999999,-281,160,84,72,4214,190,49,55,0.04508780315518379
202508,2025-08-27,2025-08-28,4ca3b6be-0985-43ab-acf8-2b4f0c53500a__20250827_ep00__src20250827,4ca3b6be-0985-43ab-acf8-2b4f0c53500a__20250827_ep00,4ca3b6be-0985-43ab-acf8-2b4f0c53500a,CIRCLE,-119.56917,37.213966,10.0,16054.375126517429,93.7147116008011,74.05140659517963,12.0,29.082,-269,120,101,101,8030,431,64,63,0.053673721849918365
202508,2025-08-27,2025-08-28,ff4f07c5-fb4c-45e2-8982-a51a936094be__20250826_ep02__src20250827,ff4f07c5-fb4c-45e2-8982-a51a936094be__20250826_ep02,ff4f07c5-fb4c-45e2-8982-a51a936094be,DILLON,-123.53953365371568,41.53689413359209,10.0,98646.30003162644,279.8746262311376,42.555980115388195,8988.0,338548.098,-280,160,85,72,4218,44,49,55,0.010431484319269657
202508,2025-08-28,2025-08-29,e4df2a7f-a115-4cdb-bdd3-e7b7c26f2aa2__20250828_ep02__src20250828,e4df2a7f-a115-4cdb-bdd3-e7b7c26f2aa2__20250828_ep02,e4df2a7f-a115-4cdb-bdd3-e7b7c26f2aa2,BLUE,-123.18647573823392,41.78519528968367,10.0,9459.976061692352,43.86377352535519,324.67368087105945,308.0,21793.73799999999,-278,161,86,70,4197,82,48,56,0.01953776553273201
202508,2025-08-28,2025-08-29,ff4f07c5-fb4c-45e2-8982-a51a936094be__20250826_ep02__src20250828,ff4f07c5-fb4c-45e2-8982-a51a936094be__20250826_ep02,ff4f07c5-fb4c-45e2-8982-a51a936094be,DILLON,-123.54293003408986,41.540518319946514,10.0,3679.7140094740216,24.780527044678855,12.765015377826728,1924.0,56297.988,-280,160,85,72,4210,29,49,55,0.006888361182063818
202508,2025-08-29,2025-08-30,80d05faa-70b6-4cd7-8387-f0f44708330f__20250829_ep01__src20250829,80d05faa-70b6-4cd7-8387-f0f44708330f__20250829_ep01,80d05faa-70b6-4cd7-8387-f0f44708330f,FANDANGO,-120.0923265554542,41.86964033546201,10.0,206903.35264411112,279.01675370588487,24.242512557612656,3.0,15.346,-260,158,101,76,5308,51,51,63,0.009608138352632523
202508,2025-08-29,2025-08-30,ae6d8833-b8ff-4ce5-9bba-d1f6ee42e365__20250829_ep01__src20250829,ae6d8833-b8ff-4ce5-9bba-d1f6ee42e365__20250829_ep01,ae6d8833-b8ff-4ce5-9bba-d1f6ee42e365,LOG,-123.26803101940448,41.41957611936048,10.0,6681.500970666949,78.24341408199555,0.24369652872201186,191.0,1077.3580000000002,-280,159,86,74,4445,28,50,56,0.006299212574958801
202508,2025-08-29,2025-08-30,e4df2a7f-a115-4cdb-bdd3-e7b7c26f2aa2__20250828_ep02__src20250829,e4df2a7f-a115-4cdb-bdd3-e7b7c26f2aa2__20250828_ep02,e4df2a7f-a115-4cdb-bdd3-e7b7c26f2aa2,BLUE,-123.18799021469746,41.78404805446865,10.0,68044.84424089866,385.11737440039144,49.66097619674406,800.0,46955.728,-278,161,86,70,4199,10,48,56,0.002381519414484501
202508,2025-08-29,2025-08-30,ff4f07c5-fb4c-45e2-8982-a51a936094be__20250826_ep02__src20250829,ff4f07c5-fb4c-45e2-8982-a51a936094be__20250826_ep02,ff4f07c5-fb4c-45e2-8982-a51a936094be,DILLON,-123.55797942584346,41.52573694993454,10.0,1613.6645257292726,14.943974001784984,14.727713355501976,2254.0,55408.57400000001,-281,160,84,72,4210,66,49,55,0.015676960349082947
202508,2025-08-30,2025-08-31,ff4f07c5-fb4c-45e2-8982-a51a936094be__20250826_ep02__src20250830,ff4f07c5-fb4c-45e2-8982-a51a936094be__20250826_ep02,ff4f07c5-fb4c-45e2-8982-a51a936094be,DILLON,-123.55853554945752,41.5372093103372,10.0,7386.735888208074,34.852906572488365,30.812789867407332,6420.0,150646.19999999998,-281,160,84,72,4202,121,49,55,0.028795812278985977
202509,2025-08-31,2025-09-01,e070ad1a-b63b-4265-a1d6-d0822a73cf7b__20250831_ep00__src20250831,e070ad1a-b63b-4265-a1d6-d0822a73cf7b__20250831_ep00,e070ad1a-b63b-4265-a1d6-d0822a73cf7b,KETTLE,-118.7672827190252,36.93930634892822,10.0,42539.85066909349,113.78691861269688,313.7995566413823,16.0,56.504,-262,115,101,101,8041,171,64,63,0.021266011521220207
202509,2025-08-31,2025-09-01,ff4f07c5-fb4c-45e2-8982-a51a936094be__20250826_ep02__src20250831,ff4f07c5-fb4c-45e2-8982-a51a936094be__20250826_ep02,ff4f07c5-fb4c-45e2-8982-a51a936094be,DILLON,-123.56300067990328,41.54202559814133,10.0,10383.790546412203,63.87974457038373,43.873919360501986,2124.0,48340.88,-281,160,84,72,4193,17,49,55,0.0040543763898313046
202509,2025-09-01,2025-09-02,ae6d8833-b8ff-4ce5-9bba-d1f6ee42e365__20250829_ep01__src20250901,ae6d8833-b8ff-4ce5-9bba-d1f6ee42e365__20250829_ep01,ae6d8833-b8ff-4ce5-9bba-d1f6ee42e365,LOG,-123.27680544799762,41.41914376565745,10.0,186.39393089695616,23.555865121116284,286.1999413557262,279.0,1261.9969999999998,-280,159,86,74,4443,11,50,56,0.0024758046492934227
202509,2025-09-01,2025-09-02,e070ad1a-b63b-4265-a1d6-d0822a73cf7b__20250831_ep00__src20250901,e070ad1a-b63b-4265-a1d6-d0822a73cf7b__20250831_ep00,e070ad1a-b63b-4265-a1d6-d0822a73cf7b,KETTLE,-118.76862591945932,36.93960591880222,10.0,31412.90887762002,81.73677753170948,332.6646536266237,146.0,352.80999999999995,-262,115,101,101,8042,124,64,63,0.015419050119817257
202509,2025-09-01,2025-09-02,ff4f07c5-fb4c-45e2-8982-a51a936094be__20250826_ep02__src20250901,ff4f07c5-fb4c-45e2-8982-a51a936094be__20250826_ep02,ff4f07c5-fb4c-45e2-8982-a51a936094be,DILLON,-123.56964366836657,41.535905674913586,10.0,867.2012286777963,42.97970559142868,277.7157245572912,6024.0,84535.116,-281,160,84,72,4196,6,49,55,0.0014299332397058606
202509,2025-09-02,2025-09-03,ae6d8833-b8ff-4ce5-9bba-d1f6ee42e365__20250829_ep01__src20250902,ae6d8833-b8ff-4ce5-9bba-d1f6ee42e365__20250829_ep01,ae6d8833-b8ff-4ce5-9bba-d1f6ee42e365,LOG,-123.31003186386204,41.42892264578999,10.0,707.548129323887,33.20095586855842,299.08910326478264,646.0,4208.376,-280,160,86,73,4418,245,50,56,0.055454958230257034
202509,2025-09-03,2025-09-04,b53d79e2-2269-41c2-8f91-9ec4adbd5f78__20250903_ep00__src20250903,b53d79e2-2269-41c2-8f91-9ec4adbd5f78__20250903_ep00,b53d79e2-2269-41c2-8f91-9ec4adbd5f78,6-5,-120.4721858714402,37.84079834280989,10.0,51399.81229788887,63.624492094799976,93.60457105810474,3021.0,431184.603,-274,128,101,101,7990,73,64,63,0.009136420674622059
202509,2025-09-03,2025-09-04,eda7725c-056e-4e59-a2c5-48d7d8397395__20250903_ep02__src20250903,eda7725c-056e-4e59-a2c5-48d7d8397395__20250903_ep02,eda7725c-056e-4e59-a2c5-48d7d8397395,DORADO,-120.08184977493724,36.230299729454195,10.0,4415.83346927793,43.89773212663083,248.25079904399672,462.0,28364.304000000007,-276,110,101,101,8046,21,64,63,0.0026099926326423883
202509,2025-09-04,2025-09-05,e4df2a7f-a115-4cdb-bdd3-e7b7c26f2aa2__20250828_ep02__src20250904,e4df2a7f-a115-4cdb-bdd3-e7b7c26f2aa2__20250828_ep02,e4df2a7f-a115-4cdb-bdd3-e7b7c26f2aa2,BLUE,-123.19316754379189,41.79292351316255,10.0,133532.94817573274,278.21690095823317,335.7911047721795,634.0,9299.386,-278,161,86,70,4189,73,48,56,0.017426593229174614
202509,2025-09-04,2025-09-05,eda7725c-056e-4e59-a2c5-48d7d8397395__20250903_ep02__src20250904,eda7725c-056e-4e59-a2c5-48d7d8397395__20250903_ep02,eda7725c-056e-4e59-a2c5-48d7d8397395,DORADO,-120.08184977493724,36.230299729454195,10.0,1283.4656277241495,29.991466365060276,257.48054906280106,77.0,4727.384000000001,-276,110,101,101,8046,16,64,63,0.001988565782085061
202509,2025-09-05,2025-09-06,810638b9-0a0e-42e9-a446-2f306f604bde__20250905_ep00__src20250905,810638b9-0a0e-42e9-a446-2f306f604bde__20250905_ep00,810638b9-0a0e-42e9-a446-2f306f604bde,ONTARIO,-120.75861428790076,35.24169776314376,10.0,2957.3991107406837,130.25039719169533,28.07496863821052,4.0,37.242,-284,101,101,101,7888,13,64,63,0.001648072968237102
202509,2025-09-05,2025-09-06,ae6d8833-b8ff-4ce5-9bba-d1f6ee42e365__20250829_ep01__src20250905,ae6d8833-b8ff-4ce5-9bba-d1f6ee42e365__20250829_ep01,ae6d8833-b8ff-4ce5-9bba-d1f6ee42e365,LOG,-123.27537560472108,41.40904600094644,10.0,36877.69575197595,161.44505999018313,345.6663193955531,1712.0,18746.234,-280,159,86,74,4455,78,50,56,0.01750841736793518
202509,2025-09-05,2025-09-06,b4a866ba-9fe3-430b-8033-df058f253dcc__20250905_ep02__src20250905,b4a866ba-9fe3-430b-8033-df058f253dcc__20250905_ep02,b4a866ba-9fe3-430b-8033-df058f253dcc,NELLA,-120.8819103343166,37.06661630730908,10.0,1182.702764570526,160.71495304323992,94.46467076491143,27.0,495.818,-280,121,101,101,7877,22,64,63,0.0027929414063692093
202509,2025-09-05,2025-09-06,e4df2a7f-a115-4cdb-bdd3-e7b7c26f2aa2__20250828_ep02__src20250905,e4df2a7f-a115-4cdb-bdd3-e7b7c26f2aa2__20250828_ep02,e4df2a7f-a115-4cdb-bdd3-e7b7c26f2aa2,BLUE,-123.18650965785962,41.80004557671065,10.0,4529.822910764717,109.394989994143,313.47497127042476,2528.0,38419.736,-278,161,86,70,4186,290,48,56,0.0692785456776619
202509,2025-09-05,2025-09-06,ff4f07c5-fb4c-45e2-8982-a51a936094be__20250826_ep02__src20250905,ff4f07c5-fb4c-45e2-8982-a51a936094be__20250826_ep02,ff4f07c5-fb4c-45e2-8982-a51a936094be,DILLON,-123.63446800000004,41.58613600000001,10.0,7127.2916882783165,36.71933157824846,51.46711596902435,3990.0,76635.534,-281,161,84,71,4131,13,49,55,0.0031469378154724836
202509,2025-09-06,2025-09-07,e4df2a7f-a115-4cdb-bdd3-e7b7c26f2aa2__20250828_ep02__src20250906,e4df2a7f-a115-4cdb-bdd3-e7b7c26f2aa2__20250828_ep02,e4df2a7f-a115-4cdb-bdd3-e7b7c26f2aa2,BLUE,-123.18727140268986,41.80200577827432,10.0,95196.40404817494,177.12075115812274,15.404458711671055,8270.0,134274.922,-278,161,86,70,4185,284,48,56,0.067861407995224
202509,2025-09-06,2025-09-07,ff4f07c5-fb4c-45e2-8982-a51a936094be__20250826_ep02__src20250906,ff4f07c5-fb4c-45e2-8982-a51a936094be__20250826_ep02,ff4f07c5-fb4c-45e2-8982-a51a936094be,DILLON,-123.61364007049386,41.573845252523114,10.0,512.6926906866032,34.921203887264845,51.58870227472869,1963.0,35813.114,-281,161,84,71,4145,142,49,55,0.03425814211368561
202509,2025-09-07,2025-09-08,da3385ba-865b-435a-8578-c485133adac7__20250907_ep00__src20250907,da3385ba-865b-435a-8578-c485133adac7__20250907_ep00,da3385ba-865b-435a-8578-c485133adac7,WINDY,-119.13239047395588,37.45965477991553,10.0,189138.41481560387,247.0596242479595,28.444533099582998,20.0,21.31,-264,121,101,101,8046,1440,64,63,0.17897091805934906
202509,2025-09-09,2025-09-10,ad8cb02c-b482-4ddd-b9b6-b08da90082f6__20250906_ep00__src20250909,ad8cb02c-b482-4ddd-b9b6-b08da90082f6__20250906_ep00,ad8cb02c-b482-4ddd-b9b6-b08da90082f6,BREEZE,-119.65794,37.954933,10.0,8156.751634272017,76.5316331167484,151.03124567336152,8.0,3.396,-267,128,101,101,8045,298,64,63,0.037041641771793365
202509,2025-09-09,2025-09-10,ddd0b278-7655-4f20-829d-feeef1dc935f__20250825_ep02__src20250909,ddd0b278-7655-4f20-829d-feeef1dc935f__20250825_ep02,ddd0b278-7655-4f20-829d-feeef1dc935f,GARNET,-119.05606063927354,36.995018885332705,10.0,14972.559623543104,103.99272030859774,17.12703900538446,9356.0,2101616.494,-265,116,101,101,8045,159,64,63,0.019763829186558723
202509,2025-09-10,2025-09-11,ddd0b278-7655-4f20-829d-feeef1dc935f__20250825_ep02__src20250910,ddd0b278-7655-4f20-829d-feeef1dc935f__20250825_ep02,ddd0b278-7655-4f20-829d-feeef1dc935f,GARNET,-118.9726492162185,36.96839214831161,10.0,23556.708352638823,73.19388636999784,6.786714072238283,36538.0,7422706.978999999,-264,116,101,101,8038,646,64,63,0.08036825060844421
202509,2025-09-11,2025-09-12,ddd0b278-7655-4f20-829d-feeef1dc935f__20250825_ep02__src20250911,ddd0b278-7655-4f20-829d-feeef1dc935f__20250825_ep02,ddd0b278-7655-4f20-829d-feeef1dc935f,GARNET,-119.13310053405094,37.02019492206415,10.0,116873.39716197518,210.9325007012924,350.1299242652901,24604.0,1971576.575,-265,116,101,101,8034,108,64,63,0.013442867435514927
202509,2025-09-12,2025-09-13,ddd0b278-7655-4f20-829d-feeef1dc935f__20250825_ep02__src20250912,ddd0b278-7655-4f20-829d-feeef1dc935f__20250825_ep02,ddd0b278-7655-4f20-829d-feeef1dc935f,GARNET,-119.16041274320644,37.019695581961365,10.0,16765.815292047406,27.818469012694635,176.46026232498036,5462.0,44134.687999999995,-266,117,101,101,8034,73,64,63,0.009086382575333118
202509,2025-09-13,2025-09-14,ddd0b278-7655-4f20-829d-feeef1dc935f__20250825_ep02__src20250913,ddd0b278-7655-4f20-829d-feeef1dc935f__20250825_ep02,ddd0b278-7655-4f20-829d-feeef1dc935f,GARNET,-119.13933897937989,37.026419263518754,10.0,9155.818450840758,34.66393467589307,195.20365542369686,2514.0,11570.391,-265,117,101,101,8036,513,64,63,0.06383772939443588
202509,2025-09-14,2025-09-15,ddd0b278-7655-4f20-829d-feeef1dc935f__20250825_ep02__src20250914,ddd0b278-7655-4f20-829d-feeef1dc935f__20250825_ep02,ddd0b278-7655-4f20-829d-feeef1dc935f,GARNET,-119.13875777014384,37.029114987575475,10.0,50447.821965432006,135.4330071667347,353.01900416600773,5395.0,18975.98,-265,117,101,101,8038,546,64,63,0.06792734563350677
202509,2025-09-15,2025-09-16,ddd0b278-7655-4f20-829d-feeef1dc935f__20250825_ep02__src20250915,ddd0b278-7655-4f20-829d-feeef1dc935f__20250825_ep02,ddd0b278-7655-4f20-829d-feeef1dc935f,GARNET,-119.13067067734713,37.026773687935375,10.0,101152.463280959,75.59269936417208,331.3181393622335,11676.0,47508.369999999995,-265,117,101,101,8037,497,64,63,0.06183899566531181
202509,2025-09-16,2025-09-17,ddd0b278-7655-4f20-829d-feeef1dc935f__20250825_ep02__src20250916,ddd0b278-7655-4f20-829d-feeef1dc935f__20250825_ep02,ddd0b278-7655-4f20-829d-feeef1dc935f,GARNET,-119.13594198588947,37.03177803142883,10.0,66270.05759887694,163.45638750196076,330.0829858914749,10044.0,44743.259999999995,-265,117,101,101,8040,449,64,63,0.05584577098488808
202509,2025-09-20,2025-09-21,b25be1fd-a4e0-4d02-9063-95503f53bf84__20250920_ep04__src20250920,b25be1fd-a4e0-4d02-9063-95503f53bf84__20250920_ep04,b25be1fd-a4e0-4d02-9063-95503f53bf84,FIREBAUGH,-120.19763893709327,37.02559684327549,10.0,9609.172926800502,126.58567086941618,136.2961810256524,4.0,1.844,-274,119,101,101,8041,263,64,63,0.032707374542951584
202509,2025-09-21,2025-09-22,93046a23-6584-4f0a-a88c-2857559af3d0__20250915_ep04__src20250921,93046a23-6584-4f0a-a88c-2857559af3d0__20250915_ep04,93046a23-6584-4f0a-a88c-2857559af3d0,SEVEN,-122.03633865463804,39.53866477631786,10.0,256.6105167660698,17.767193480889215,172.24306133434152,5.0,31.812999999999995,-279,148,95,97,6652,114,62,60,0.01713770255446434
202509,2025-09-22,2025-09-23,93046a23-6584-4f0a-a88c-2857559af3d0__20250915_ep04__src20250922,93046a23-6584-4f0a-a88c-2857559af3d0__20250915_ep04,93046a23-6584-4f0a-a88c-2857559af3d0,SEVEN,-122.08914230046886,39.52873670726716,10.0,12141.022150749151,301.17277045202536,3.052999189911475,27.0,554.202,-280,148,94,97,6634,94,62,60,0.014169430360198021
202509,2025-09-23,2025-09-24,93046a23-6584-4f0a-a88c-2857559af3d0__20250915_ep04__src20250923,93046a23-6584-4f0a-a88c-2857559af3d0__20250915_ep04,93046a23-6584-4f0a-a88c-2857559af3d0,SEVEN,-122.097925448845,39.459760976495,10.0,6527.817751994891,23.654638880920796,199.79601901462948,63.0,1678.5859999999996,-280,148,94,97,6673,39,62,60,0.005844447761774063
202509,2025-09-26,2025-09-27,1e51a95c-06da-426c-aaf3-be45014e1fc3__20250926_ep01__src20250926,1e51a95c-06da-426c-aaf3-be45014e1fc3__20250926_ep01,1e51a95c-06da-426c-aaf3-be45014e1fc3,DUCK,-121.05236412556052,37.83909389686099,10.0,424.7613877674924,33.64226343083327,84.86362517093403,11.0,9.37,-279,130,100,101,7777,91,64,63,0.011701170355081558
202509,2025-09-26,2025-09-27,27cafb85-3bac-4cc7-a31b-758246304dc1__20250926_ep00__src20250926,27cafb85-3bac-4cc7-a31b-758246304dc1__20250926_ep00,27cafb85-3bac-4cc7-a31b-758246304dc1,HEATHER,-122.3379873067851,41.91936965511689,10.0,8546.792217048924,188.08735025037677,283.4437838471108,588.0,10572.426,-273,161,91,70,4471,1163,48,58,0.26012077927589417
202509,2025-09-26,2025-09-27,e4df2a7f-a115-4cdb-bdd3-e7b7c26f2aa2__20250828_ep02__src20250926,e4df2a7f-a115-4cdb-bdd3-e7b7c26f2aa2__20250828_ep02,e4df2a7f-a115-4cdb-bdd3-e7b7c26f2aa2,BLUE,-123.1782070091685,41.81491656433765,10.0,21201.54719977979,126.20412265870726,270.3244098020965,10.0,17.796,-278,161,86,70,4174,22,48,56,0.005270723719149828
202509,2025-09-26,2025-09-27,f20c96ac-cb9a-45bf-8bb3-99a7d38886e5__20250923_ep04__src20250926,f20c96ac-cb9a-45bf-8bb3-99a7d38886e5__20250923_ep04,f20c96ac-cb9a-45bf-8bb3-99a7d38886e5,TANABE,-121.72852099075354,39.16694360765414,10.0,1562.5699190164244,44.86931697383,151.2552555068823,1160.0,20783.392,-279,144,96,100,7104,1432,63,61,0.2015765756368637
202509,2025-09-27,2025-09-28,30bb9d2e-559f-4c10-9f2d-10d7aa6e1eff__20250927_ep04__src20250927,30bb9d2e-559f-4c10-9f2d-10d7aa6e1eff__20250927_ep04,30bb9d2e-559f-4c10-9f2d-10d7aa6e1eff,203,-122.10835417208528,39.73279003251171,10.0,5396.808935425686,48.9043033683706,155.96745953362654,3.0,13.226,-279,149,94,95,6453,404,61,60,0.06260654330253601
202509,2025-09-27,2025-09-28,e4df2a7f-a115-4cdb-bdd3-e7b7c26f2aa2__20250828_ep02__src20250927,e4df2a7f-a115-4cdb-bdd3-e7b7c26f2aa2__20250828_ep02,e4df2a7f-a115-4cdb-bdd3-e7b7c26f2aa2,BLUE,-123.17782848105664,41.81280988251651,10.0,1310.8851731772943,105.67378754508594,335.5157728967232,9.0,11.775,-278,161,86,70,4177,158,48,56,0.03782619163393974
202509,2025-09-27,2025-09-28,f20c96ac-cb9a-45bf-8bb3-99a7d38886e5__20250923_ep04__src20250927,f20c96ac-cb9a-45bf-8bb3-99a7d38886e5__20250923_ep04,f20c96ac-cb9a-45bf-8bb3-99a7d38886e5,TANABE,-121.66266831292516,39.07412397142858,10.0,446800.4331639184,305.59496174622757,290.6232407584135,1160.0,20491.828,-279,143,96,100,7196,1419,63,61,0.19719287753105164
202510,2025-10-17,2025-10-18,b0fb6b4b-b9fb-416e-abe0-67c65e7cd434__20251017_ep00__src20251017,b0fb6b4b-b9fb-416e-abe0-67c65e7cd434__20251017_ep00,b0fb6b4b-b9fb-416e-abe0-67c65e7cd434,CASINO,-121.60034797748844,40.927712059421,10.0,1147.5472627912152,15.353368022596769,184.42655573264997,80.0,3046.4320000000007,-273,155,96,83,5725,8,55,61,0.001397379906848073
202510,2025-10-27,2025-10-28,734b3a1f-9391-4bb8-856b-a71e88101b97__20251024_ep05__src20251027,734b3a1f-9391-4bb8-856b-a71e88101b97__20251024_ep05,734b3a1f-9391-4bb8-856b-a71e88101b97,HAPPY,-118.86340884649375,36.75370231603328,10.0,504.3216296616615,268.36427095585157,48.01604356338265,200.0,668.277,-264,113,101,101,8045,8,64,63,0.000994406407698989
202510,2025-10-28,2025-10-29,4d49848b-cb73-47c3-9943-c7064f1e8a01__20251023_ep00__src20251028,4d49848b-cb73-47c3-9943-c7064f1e8a01__20251023_ep00,4d49848b-cb73-47c3-9943-c7064f1e8a01,WILLOW,-122.00390386100123,41.16158322263923,10.0,63.56320113939106,1.8938226882833864,61.94846067888125,28.0,75.219,-274,157,94,79,5314,58,53,60,0.010914565064013004
202510,2025-10-28,2025-10-29,63573632-b646-44ad-a692-39f9f4807d73__20251028_ep00__src20251028,63573632-b646-44ad-a692-39f9f4807d73__20251028_ep00,63573632-b646-44ad-a692-39f9f4807d73,MURPHY,-123.15665159302492,41.27691280114362,10.0,71.92668154553898,5.331680887010104,54.36254708641144,5.0,21.161,-279,159,87,75,4622,4,51,56,0.0008654262055642903
202510,2025-10-28,2025-10-29,734b3a1f-9391-4bb8-856b-a71e88101b97__20251024_ep05__src20251028,734b3a1f-9391-4bb8-856b-a71e88101b97__20251024_ep05,734b3a1f-9391-4bb8-856b-a71e88101b97,HAPPY,-118.86470135039616,36.753306003573094,10.0,538.3253879688907,8.918320249520908,19.560559148632535,92.0,284.674,-264,113,101,101,8045,6,64,63,0.0007458048639819026
202510,2025-10-28,2025-10-29,960d6573-08ed-4e60-94b9-fbbe7e073974__20251028_ep01__src20251028,960d6573-08ed-4e60-94b9-fbbe7e073974__20251028_ep01,960d6573-08ed-4e60-94b9-fbbe7e073974,WENTWORTH,-120.50375587142422,38.97221121910594,10.0,1142.0220336266646,37.56355732441464,28.35084278767897,30.0,1415.539,-272,140,100,100,7791,14,63,63,0.0017969452310353518
202510,2025-10-28,2025-10-29,9b3b3ea9-dd07-4982-99a6-f811dc71c3bf__20251028_ep02__src20251028,9b3b3ea9-dd07-4982-99a6-f811dc71c3bf__20251028_ep02,9b3b3ea9-dd07-4982-99a6-f811dc71c3bf,COTTONWOOD,-122.54694999999998,42.086494,10.0,189.27642992273368,123.62114691143492,336.6460582050759,5.0,8.068000000000001,-274,162,90,68,4233,15,47,58,0.003543586004525423
202510,2025-10-28,2025-10-29,a084f42b-29e6-4f30-9832-e7ff264cdf5f__20251021_ep05__src20251028,a084f42b-29e6-4f30-9832-e7ff264cdf5f__20251021_ep05,a084f42b-29e6-4f30-9832-e7ff264cdf5f,SITES,-122.13701546335405,39.323243688900554,10.0,910.2127406194084,15.356256130692916,163.2943191010354,35.0,562.1899999999999,-281,146,94,98,6746,38,62,60,0.005632967688143253
202510,2025-10-28,2025-10-29,abfe02c1-0e2c-4751-8a36-6d35c03bf2a3__20251028_ep00__src20251028,abfe02c1-0e2c-4751-8a36-6d35c03bf2a3__20251028_ep00,abfe02c1-0e2c-4751-8a36-6d35c03bf2a3,BEAR,-123.83128494555235,40.371318707068255,10.0,1361.0600638694236,24.72948697325929,139.26488858554364,216.0,1874.386,-285,154,83,84,4883,5,55,54,0.001023960649035871
202510,2025-10-28,2025-10-29,f157bb82-87cf-4c44-874b-93dcb48f90b8__20251028_ep02__src20251028,f157bb82-87cf-4c44-874b-93dcb48f90b8__20251028_ep02,f157bb82-87cf-4c44-874b-93dcb48f90b8,HIDDEN VALLEY,-114.48739,33.91407,10.0,2578.929033785874,215.0425756968572,66.4080236655625,3.0,5.712,-243,80,80,86,5367,28,71,74,0.005217067431658506
202510,2025-10-29,2025-10-30,734b3a1f-9391-4bb8-856b-a71e88101b97__20251024_ep05__src20251029,734b3a1f-9391-4bb8-856b-a71e88101b97__20251024_ep05,734b3a1f-9391-4bb8-856b-a71e88101b97,HAPPY,-118.86381936775238,36.75303362668708,10.0,434.83063129793095,8.932048181583578,2.8843949885821303,122.0,420.7919999999999,-264,113,101,101,8045,8,64,63,0.000994406407698989
202510,2025-10-29,2025-10-30,b5d87608-4b3d-46b9-83c2-a9ecbd499c3e__20251029_ep05__src20251029,b5d87608-4b3d-46b9-83c2-a9ecbd499c3e__20251029_ep05,b5d87608-4b3d-46b9-83c2-a9ecbd499c3e,IRIS,-115.51325,33.26992,10.0,593.7416885617372,289.4185834540016,54.56672210630211,8.0,46.559,-249,78,89,81,5548,28,74,69,0.005046863574534655
202510,2025-10-29,2025-10-30,f157bb82-87cf-4c44-874b-93dcb48f90b8__20251028_ep02__src20251029,f157bb82-87cf-4c44-874b-93dcb48f90b8__20251028_ep02,f157bb82-87cf-4c44-874b-93dcb48f90b8,HIDDEN VALLEY,-114.48739,33.91407,10.0,3299.6935062389425,252.6481638980161,58.31869135463495,6.0,11.424,-243,80,80,86,5367,26,71,74,0.0048444196581840515
202510,2025-10-30,2025-10-31,734b3a1f-9391-4bb8-856b-a71e88101b97__20251024_ep05__src20251030,734b3a1f-9391-4bb8-856b-a71e88101b97__20251024_ep05,734b3a1f-9391-4bb8-856b-a71e88101b97,HAPPY,-118.86482883469652,36.752395675192176,10.0,358.42219945884085,10.566860361831878,234.0959458389716,70.0,270.788,-264,113,101,101,8045,4,64,63,0.0004972032038494945
202510,2025-10-30,2025-10-31,f157bb82-87cf-4c44-874b-93dcb48f90b8__20251028_ep02__src20251030,f157bb82-87cf-4c44-874b-93dcb48f90b8__20251028_ep02,f157bb82-87cf-4c44-874b-93dcb48f90b8,HIDDEN VALLEY,-114.43676999999998,33.816429,10.0,18638.528261369014,298.8312361411258,64.75793476163926,4.0,9.936,-243,80,80,85,5265,13,72,74,0.0024691359139978886
